hCoV-19/Japan/PG-532482/2023	hCoV-19/Japan/PG-532482/2023|2023-04-27|2023-06-29	23D	EG.4	EPI_ISL_17883840	2023-04-27	Asia / Japan / Aichi
hCoV-19/USA/WA-CDC-LC0918611/2022	hCoV-19/USA/WA-CDC-LC0918611/2022|2022-10-17|2022-11-02	22E	BQ.1.14	EPI_ISL_15618800	2022-10-17	North America / USA / Washington
hCoV-19/France/BRE-IPP56785/2022	hCoV-19/France/BRE-IPP56785/2022|2022-11-28|2022-12-09	22E	BQ.1.1	EPI_ISL_16065927	2022-11-28	Europe / France / Bretagne / Chateaulin
hCoV-19/USA/IN-CDC-STM-7EFCGQAAP/2022	hCoV-19/USA/IN-CDC-STM-7EFCGQAAP/2022|2022-10-10|2022-10-27	22B	BF.10	EPI_ISL_15531266	2022-10-10	North America / USA / Indiana
hCoV-19/Malaysia/IMR_LF00901/2022	hCoV-19/Malaysia/IMR_LF00901/2022|2022-11-18|2022-11-30	22D	BN.1	EPI_ISL_15952837	2022-11-18	Asia / Malaysia / Selangor
hCoV-19/Germany/BW-RKI-I-1022725/2022	hCoV-19/Germany/BW-RKI-I-1022725/2022|2022-11-02|2022-11-11	22B	BF.7	EPI_ISL_15738201	2022-11-02	Europe / Germany / Baden-Wurttemberg
hCoV-19/Denmark/DCGC-599885/2022	hCoV-19/Denmark/DCGC-599885/2022|2022-10-19|2022-10-28	22B	BA.5.2.1	EPI_ISL_15551043	2022-10-19	Europe / Denmark / Sjaelland
hCoV-19/USA/VA-CDC-QDX43989860/2022	hCoV-19/USA/VA-CDC-QDX43989860/2022|2022-11-25|2022-12-12	22E	BQ.1.1	EPI_ISL_16084477	2022-11-25	North America / USA / Virginia
hCoV-19/Australia/NSW-ICPMR-35963/2022	hCoV-19/Australia/NSW-ICPMR-35963/2022|2022-10-25|2022-11-04	22B	BA.5.2.6	EPI_ISL_15653220	2022-10-25	Oceania / Australia / New South Wales / Sydney
hCoV-19/Germany/BB-RKI-I-1065862/2022	hCoV-19/Germany/BB-RKI-I-1065862/2022|2022-12-07|2022-12-21	22E	BQ.1.1.5	EPI_ISL_16217729	2022-12-07	Europe / Germany / Brandenburg
hCoV-19/Germany/BW-RKI-I-1067733/2022	hCoV-19/Germany/BW-RKI-I-1067733/2022|2022-12-02|2022-12-21	22B	BF.7.1	EPI_ISL_16219325	2022-12-02	Europe / Germany / Baden-Wurttemberg
hCoV-19/Portugal/PT44732/2022	hCoV-19/Portugal/PT44732/2022|2022-12-05|2022-12-18	22D	BN.1.3.1	EPI_ISL_16178563	2022-12-05	Europe / Portugal
hCoV-19/Lithuania/MB221123-0027/2022	hCoV-19/Lithuania/MB221123-0027/2022|2022-11-14|2022-12-16	22B	BA.5.1	EPI_ISL_16159105	2022-11-14	Europe / Lithuania / Vilniaus apskr.
hCoV-19/Germany/BW-RKI-I-1034667/2022	hCoV-19/Germany/BW-RKI-I-1034667/2022|2022-11-16|2022-12-02	22B	BA.5.1	EPI_ISL_15986119	2022-11-16	Europe / Germany / Baden-Wurttemberg
hCoV-19/USA/NC-CDC-QDX44242230/2022	hCoV-19/USA/NC-CDC-QDX44242230/2022|2022-12-01|2022-12-20	22E	BQ.1.1	EPI_ISL_16204157	2022-12-01	North America / USA / North Carolina
hCoV-19/Germany/NI-RKI-I-1038829/2022	hCoV-19/Germany/NI-RKI-I-1038829/2022|2022-11-04|2022-12-02	22B	BA.5.2.7	EPI_ISL_15989538	2022-11-04	Europe / Germany / Lower Saxony
hCoV-19/USA/MI-CDC-QDX43797562/2022	hCoV-19/USA/MI-CDC-QDX43797562/2022|2022-11-16|2022-12-05	22E	BQ.1.14	EPI_ISL_16011153	2022-11-16	North America / USA / Michigan
hCoV-19/Denmark/DCGC-590851/2022	hCoV-19/Denmark/DCGC-590851/2022|2022-10-03|2022-10-08	22B	BF.7.20	EPI_ISL_15293420	2022-10-03	Europe / Denmark / Nordjylland
hCoV-19/USA/MN-CDC-LC0949616/2022	hCoV-19/USA/MN-CDC-LC0949616/2022|2022-11-28|2022-12-15	22E	BQ.1.1.1	EPI_ISL_16130519	2022-11-28	North America / USA / Minnesota
hCoV-19/USA/TX-CDC-QDX42813753/2022	hCoV-19/USA/TX-CDC-QDX42813753/2022|2022-10-20|2022-11-08	22B	BF.7.23	EPI_ISL_15704333	2022-10-20	North America / USA / Texas
hCoV-19/USA/CA-CDC-STM-XENWVXHHN/2022	hCoV-19/USA/CA-CDC-STM-XENWVXHHN/2022|2022-11-10|2022-11-29	22E	BQ.1.3.2	EPI_ISL_15944321	2022-11-10	North America / USA / California
hCoV-19/Denmark/DCGC-590984/2022	hCoV-19/Denmark/DCGC-590984/2022|2022-10-01|2022-10-08	22B	BA.5.2.1	EPI_ISL_15293550	2022-10-01	Europe / Denmark / Midtjylland
hCoV-19/Indonesia/JK-NIHRD-W03703/2023	hCoV-19/Indonesia/JK-NIHRD-W03703/2023|2023-05-24|2023-08-31	23D	EG.2	EPI_ISL_18165675	2023-05-24	Asia / Indonesia / Jakarta / Central Jakarta
hCoV-19/USA/CA-CDC-STM-APMCYUQ8S/2022	hCoV-19/USA/CA-CDC-STM-APMCYUQ8S/2022|2022-11-25|2022-12-12	22E	BQ.1.1	EPI_ISL_16081478	2022-11-25	North America / USA / California
hCoV-19/USA/UT-UPHL-230526459298/2023	hCoV-19/USA/UT-UPHL-230526459298/2023|2023-05-18|2023-09-01	23A	EU.1.1.1	EPI_ISL_18211624	2023-05-18	North America / USA / Utah
hCoV-19/Germany/BW-RKI-I-1026323/2022	hCoV-19/Germany/BW-RKI-I-1026323/2022|2022-11-08|2022-11-17	22B	BA.5.2.20	EPI_ISL_15799166	2022-11-08	Europe / Germany / Baden-Wurttemberg
hCoV-19/Germany/BW-RKI-I-1007633/2022	hCoV-19/Germany/BW-RKI-I-1007633/2022|2022-10-15|2022-10-27	22B	BA.5	EPI_ISL_15519186	2022-10-15	Europe / Germany / Baden-Wurttemberg
hCoV-19/Denmark/DCGC-621180/2022	hCoV-19/Denmark/DCGC-621180/2022|2022-12-01|2022-12-10	22F	XBB.1	EPI_ISL_16063461	2022-12-01	Europe / Denmark / Syddanmark
hCoV-19/Sweden/AC-COR034238/2022	hCoV-19/Sweden/AC-COR034238/2022|2022-10-06|2023-07-07	22B	BF.13	EPI_ISL_17968105	2022-10-06	Europe / Sweden / Vasterbotten
hCoV-19/Finland/THL-202219293/2022	hCoV-19/Finland/THL-202219293/2022|2022-10-06|2022-11-14	22B	BA.5.2.1	EPI_ISL_15761788	2022-10-06	Europe / Finland
hCoV-19/USA/CA-CDC-LC0944962/2022	hCoV-19/USA/CA-CDC-LC0944962/2022|2022-11-27|2022-12-12	22F	XBB.1.15	EPI_ISL_16089129	2022-11-27	North America / USA / California
hCoV-19/Germany/BW-RKI-I-1012991/2022	hCoV-19/Germany/BW-RKI-I-1012991/2022|2022-10-17|2022-10-27	22B	BA.5.2.7	EPI_ISL_15523062	2022-10-17	Europe / Germany / Baden-Wurttemberg
hCoV-19/Germany/BW-RKI-I-1039798/2022	hCoV-19/Germany/BW-RKI-I-1039798/2022|2022-11-26|2022-12-02	22E	BQ.1.8.2	EPI_ISL_15990414	2022-11-26	Europe / Germany / Baden-Wurttemberg
hCoV-19/Luxembourg/LNS0885056/2022	hCoV-19/Luxembourg/LNS0885056/2022|2022-10-24|2022-11-18	22B	BA.5.2.20	EPI_ISL_15813590	2022-10-24	Europe / Luxembourg
hCoV-19/Germany/BY-RKI-I-1042212/2022	hCoV-19/Germany/BY-RKI-I-1042212/2022|2022-11-25|2022-12-08	22B	BA.5.2.6	EPI_ISL_16041440	2022-11-25	Europe / Germany / Bavaria
hCoV-19/Australia/VIC-VIDRL-00010989/2023	hCoV-19/Australia/VIC-VIDRL-00010989/2023|2023-06-03|2023-09-05	23B	XBB.1.16.5	EPI_ISL_18218474	2023-06-03	Oceania / Australia / Victoria
hCoV-19/Indonesia/JK-NIHRD-WGS-22-32396/2022	hCoV-19/Indonesia/JK-NIHRD-WGS-22-32396/2022|2022-11-13|2022-11-28	22F	XBB.1	EPI_ISL_15930015	2022-11-13	Asia / Indonesia / Jakarta / Jakarta Timur
hCoV-19/Germany/SH-RKI-I-1027257/2022	hCoV-19/Germany/SH-RKI-I-1027257/2022|2022-10-27|2022-11-17	22B	DQ.1	EPI_ISL_15799974	2022-10-27	Europe / Germany / Schleswig-Holstein
hCoV-19/Denmark/DCGC-624271/2022	hCoV-19/Denmark/DCGC-624271/2022|2022-12-06|2022-12-16	recombinant	XAY.2	EPI_ISL_16141741	2022-12-06	Europe / Denmark / Midtjylland
hCoV-19/USA/MI-CDC-STM-T5YYYXKRT/2022	hCoV-19/USA/MI-CDC-STM-T5YYYXKRT/2022|2022-11-25|2022-12-12	22A	BA.4.6	EPI_ISL_16081380	2022-11-25	North America / USA / Michigan
hCoV-19/Reunion/ChuReu-723061392701/2023	hCoV-19/Reunion/ChuReu-723061392701/2023|2023-05-24|2023-09-05	23D	FL.10	EPI_ISL_18219416	2023-05-24	Africa / Reunion
hCoV-19/USA/MD-CDC-QDX42861197/2022	hCoV-19/USA/MD-CDC-QDX42861197/2022|2022-10-24|2022-11-08	22B	BF.7	EPI_ISL_15706243	2022-10-24	North America / USA / Maryland
hCoV-19/USA/WA-CDC-LC0926294/2022	hCoV-19/USA/WA-CDC-LC0926294/2022|2022-10-24|2022-11-15	22B	BA.5.2.1	EPI_ISL_15778254	2022-10-24	North America / USA / Washington
hCoV-19/USA/CA-CDC-STM-HY9ZUC2QU/2022	hCoV-19/USA/CA-CDC-STM-HY9ZUC2QU/2022|2022-10-29|2022-11-14	22B	BA.5.6	EPI_ISL_15766036	2022-10-29	North America / USA / California
hCoV-19/USA/NJ-CDC-QDX42698317/2022	hCoV-19/USA/NJ-CDC-QDX42698317/2022|2022-10-19|2022-11-08	22A	BA.4.6	EPI_ISL_15703950	2022-10-19	North America / USA / New Jersey
hCoV-19/Australia/WA-9628/2022	hCoV-19/Australia/WA-9628/2022|2022-11-28|2022-12-12	22D	BN.1.2	EPI_ISL_16077665	2022-11-28	Oceania / Australia / Western Australia
hCoV-19/Denmark/DCGC-603159/2022	hCoV-19/Denmark/DCGC-603159/2022|2022-10-27|2022-11-03	22E	BQ.1	EPI_ISL_15633038	2022-10-27	Europe / Denmark / Syddanmark
hCoV-19/Germany/BY-RKI-I-1038328/2022	hCoV-19/Germany/BY-RKI-I-1038328/2022|2022-11-22|2022-12-02	22B	BF.14	EPI_ISL_15989090	2022-11-22	Europe / Germany / Bavaria
hCoV-19/Turkey/KSS-KSS4936029142/2022	hCoV-19/Turkey/KSS-KSS4936029142/2022|2022-12-26|2023-01-06	22E	BQ.1	EPI_ISL_16414614	2022-12-26	Europe / Turkey / Istanbul
hCoV-19/Germany/BW-RKI-I-1068584/2022	hCoV-19/Germany/BW-RKI-I-1068584/2022|2022-12-13|2022-12-21	22B	BF.7	EPI_ISL_16220121	2022-12-13	Europe / Germany / Baden-Wurttemberg
hCoV-19/France/PDL-IPP58844/2022	hCoV-19/France/PDL-IPP58844/2022|2022-12-12|2022-12-23	22E	BQ.1.1	EPI_ISL_16264884	2022-12-12	Europe / France / Pays de la Loire / Trelaze
hCoV-19/France/PDL-IPP59726/2022	hCoV-19/France/PDL-IPP59726/2022|2022-12-19|2023-01-03	22E	BQ.1.1.23	EPI_ISL_16358748	2022-12-19	Europe / France / Pays de la Loire / Le Mans
hCoV-19/Malaysia/IMR_LF01896/2022	hCoV-19/Malaysia/IMR_LF01896/2022|2022-12-14|2022-12-22	22F	XBB.1.1	EPI_ISL_16240936	2022-12-14	Asia / Malaysia / Melaka
hCoV-19/USA/PA-CDC-STM-QNU2V66HY/2022	hCoV-19/USA/PA-CDC-STM-QNU2V66HY/2022|2022-12-21|2023-01-05	22E	BQ.1.1.3	EPI_ISL_16398829	2022-12-21	North America / USA / Pennsylvania
hCoV-19/USA/FL-CDC-QDX45593324/2023	hCoV-19/USA/FL-CDC-QDX45593324/2023|2023-01-12|2023-02-02	23A	XBB.1.5	EPI_ISL_16778729	2023-01-12	North America / USA / Florida
hCoV-19/Netherlands/NB-RIVM-129772/2023	hCoV-19/Netherlands/NB-RIVM-129772/2023|2023-04-19|2023-05-12	23A	XBB.1.5.37	EPI_ISL_17655491	2023-04-19	Europe / Netherlands / Noord-Brabant
hCoV-19/Germany/BW-RKI-I-1073203/2022	hCoV-19/Germany/BW-RKI-I-1073203/2022|2022-12-15|2022-12-29	22E	BQ.1.1.42	EPI_ISL_16330403	2022-12-15	Europe / Germany / Baden-Wurttemberg
hCoV-19/Morocco/NIH-1232/2022	hCoV-19/Morocco/NIH-1232/2022|2022-12-09|2023-01-04	22E	BQ.1.1	EPI_ISL_16378343	2022-12-09	Africa / Morocco / Sale
hCoV-19/USA/CA-CDC-LC0970348/2022	hCoV-19/USA/CA-CDC-LC0970348/2022|2022-12-15|2023-01-04	22B	DF.1.1	EPI_ISL_16380775	2022-12-15	North America / USA / California
hCoV-19/Canada/BC-BCCDC-621536/2023	hCoV-19/Canada/BC-BCCDC-621536/2023|2023-04-11|2023-05-12	23A	XBB.1.5.24	EPI_ISL_17644593	2023-04-11	North America / Canada / British Columbia
hCoV-19/USA/OH-CDC-QDX44486026/2022	hCoV-19/USA/OH-CDC-QDX44486026/2022|2022-12-08|2022-12-29	22E	BQ.1.1.18	EPI_ISL_16317729	2022-12-08	North America / USA / Ohio
hCoV-19/Luxembourg/LNS1052096/2022	hCoV-19/Luxembourg/LNS1052096/2022|2022-12-19|2023-01-13	22E	BQ.1.1.1	EPI_ISL_16498532	2022-12-19	Europe / Luxembourg
hCoV-19/USA/CA-CDC-QDX45529834/2023	hCoV-19/USA/CA-CDC-QDX45529834/2023|2023-01-11|2023-01-27	23A	XBB.1.5.51	EPI_ISL_16707428	2023-01-11	North America / USA / California
hCoV-19/USA/NJ-CDC-QDX45592745/2023	hCoV-19/USA/NJ-CDC-QDX45592745/2023|2023-01-14|2023-01-31	23A	XBB.1.5	EPI_ISL_16745817	2023-01-14	North America / USA / New Jersey
hCoV-19/Indonesia/KI-FK_UNMUL-32469/2023	hCoV-19/Indonesia/KI-FK_UNMUL-32469/2023|2023-05-02|2023-05-31	22F	XBB.1.22.1	EPI_ISL_17729542	2023-05-02	Asia / Indonesia / East Kalimantan
hCoV-19/Sweden/1260762142R4/2023	hCoV-19/Sweden/1260762142R4/2023|2023-01-03|2023-01-30	22E	BQ.1.1	EPI_ISL_16727599	2023-01-03	Europe / Sweden / Varmland
hCoV-19/USA/NV-CDC-QDX45593215/2023	hCoV-19/USA/NV-CDC-QDX45593215/2023|2023-01-12|2023-01-30	23A	XBB.1.5	EPI_ISL_16729336	2023-01-12	North America / USA / Nevada
hCoV-19/USA/TX-CDC-QDX45529548/2023	hCoV-19/USA/TX-CDC-QDX45529548/2023|2023-01-10|2023-01-30	23A	XBB.1.5	EPI_ISL_16728845	2023-01-10	North America / USA / Texas
hCoV-19/Wales/PHWC-PKO7WI/2023	hCoV-19/Wales/PHWC-PKO7WI/2023|2023-05-20|2023-06-14	23D	EG.1.3	EPI_ISL_17796714	2023-05-20	Europe / United Kingdom / Wales
hCoV-19/Ireland/RN-NVRL-S23IRL00003053/2023	hCoV-19/Ireland/RN-NVRL-S23IRL00003053/2023|2023-01-08|2023-01-25	22E	BQ.1.1	EPI_ISL_16648508	2023-01-08	Europe / Ireland / Roscommon
hCoV-19/France/PDL-IPP58669/2022	hCoV-19/France/PDL-IPP58669/2022|2022-12-11|2022-12-23	22E	BQ.1.1	EPI_ISL_16264972	2022-12-11	Europe / France / Pays de la Loire / St-Nazaire
hCoV-19/Canada/QC-L00609947001/2023	hCoV-19/Canada/QC-L00609947001/2023|2023-04-23|2023-05-11	23A	XBB.1.5	EPI_ISL_17641194	2023-04-23	North America / Canada / Quebec
hCoV-19/USA/GA-CDC-QDX44737612/2022	hCoV-19/USA/GA-CDC-QDX44737612/2022|2022-12-15|2023-01-19	22E	BQ.1.15	EPI_ISL_16567716	2022-12-15	North America / USA / Georgia
hCoV-19/Guatemala/9896-LNS/2022	hCoV-19/Guatemala/9896-LNS/2022|2022-11-28|2022-12-29	22B	BA.5.2.23	EPI_ISL_16320999	2022-11-28	North America / Guatemala / SUCHITEPEQUEZ / PATULUL
hCoV-19/USA/CA-CDC-QDX44939865/2022	hCoV-19/USA/CA-CDC-QDX44939865/2022|2022-12-23|2023-01-19	22E	BQ.1.2	EPI_ISL_16574577	2022-12-23	North America / USA / California
hCoV-19/USA/IL-CDC-STM-GH2FX9NNJ/2023	hCoV-19/USA/IL-CDC-STM-GH2FX9NNJ/2023|2023-01-02|2023-01-25	22E	BQ.1.1	EPI_ISL_16658807	2023-01-02	North America / USA / Illinois
hCoV-19/USA/IL-CDC-STM-GH2FX9NNJ/2023	hCoV-19/USA/IL-CDC-STM-GH2FX9NNJ/2023|2023-01-02|2023-01-25	22E	BQ.1.1	EPI_ISL_16658806	2023-01-02	North America / USA / Illinois
hCoV-19/Finland/THL-01106/2023	hCoV-19/Finland/THL-01106/2023|2023-01-08|2023-01-20	22E	BQ.1.1.29	EPI_ISL_16608342	2023-01-08	Europe / Finland
hCoV-19/USA/TX-CDC-STM-65D79JKRK/2022	hCoV-19/USA/TX-CDC-STM-65D79JKRK/2022|2022-12-30|2023-01-25	22E	DT.2	EPI_ISL_16652433	2022-12-30	North America / USA / Texas
hCoV-19/Germany/SL-RKI-I-1081537/2022	hCoV-19/Germany/SL-RKI-I-1081537/2022|2022-12-19|2023-01-20	recombinant	XBD	EPI_ISL_16589522	2022-12-19	Europe / Germany / Saarland
hCoV-19/USA/CA-CDC-STM-XVJ7VUGAD/2022	hCoV-19/USA/CA-CDC-STM-XVJ7VUGAD/2022|2022-12-26|2023-01-25	22E	BQ.1.1	EPI_ISL_16650717	2022-12-26	North America / USA / California
hCoV-19/USA/FL-CDC-QDX44995996/2022	hCoV-19/USA/FL-CDC-QDX44995996/2022|2022-12-21|2023-01-19	22E	BQ.1.2	EPI_ISL_16574391	2022-12-21	North America / USA / Florida
hCoV-19/Germany/NI-RKI-I-1073386/2022	hCoV-19/Germany/NI-RKI-I-1073386/2022|2022-12-12|2022-12-29	22E	BQ.1.1	EPI_ISL_16330584	2022-12-12	Europe / Germany / Lower Saxony
hCoV-19/USA/CA-CDC-STM-WF22Z2UWZ/2022	hCoV-19/USA/CA-CDC-STM-WF22Z2UWZ/2022|2022-12-17|2022-12-29	22E	DN.2	EPI_ISL_16323196	2022-12-17	North America / USA / California
hCoV-19/Germany/NI-RKI-I-1085074/2022	hCoV-19/Germany/NI-RKI-I-1085074/2022|2022-12-27|2023-01-20	22B	BF.5	EPI_ISL_16592888	2022-12-27	Europe / Germany / Lower Saxony
hCoV-19/Austria/AGES-1140063/2023	hCoV-19/Austria/AGES-1140063/2023|2023-06-14|2023-06-22	23D	FL.20	EPI_ISL_17826969	2023-06-14	Europe / Austria / Lower Austria
hCoV-19/USA/VA-GBW-H10-014-4082/2023	hCoV-19/USA/VA-GBW-H10-014-4082/2023|2023-06-10|2023-06-20	22F	FY.1.2	EPI_ISL_17818458	2023-06-10	North America / USA / Virginia / Loudoun County
hCoV-19/Austria/AGES-1139881/2023	hCoV-19/Austria/AGES-1139881/2023|2023-06-13|2023-06-22	23D	FL.11	EPI_ISL_17827039	2023-06-13	Europe / Austria / Vienna
hCoV-19/USA/WA-CDC-UW23050771268/2023	hCoV-19/USA/WA-CDC-UW23050771268/2023|2023-05-07|2023-05-17	23A	XBB.1.5	EPI_ISL_17676353	2023-05-07	North America / USA / Washington
hCoV-19/USA/TX-HMH-129092/2023	hCoV-19/USA/TX-HMH-129092/2023|2023-05-15|2023-06-05	23A	XBB.1.5	EPI_ISL_17763782	2023-05-15	North America / USA / Texas / Houston
hCoV-19/USA/DC-CDC-LC0993912/2023	hCoV-19/USA/DC-CDC-LC0993912/2023|2023-01-18|2023-01-31	23A	XBB.1.5	EPI_ISL_16742502	2023-01-18	North America / USA / District of Columbia
hCoV-19/India/KA-RFNB-19916/2023	hCoV-19/India/KA-RFNB-19916/2023|2023-04-12|2023-05-28	23B	XBB.1.16	EPI_ISL_17720550	2023-04-12	Asia / India / Karnataka
hCoV-19/Peru/LIM-INS-43101/2022	hCoV-19/Peru/LIM-INS-43101/2022|2022-12-01|2023-05-08	22F	XBB.2.6	EPI_ISL_17632801	2022-12-01	South America / Peru / Lima
hCoV-19/Mexico/MEX-INMEGEN-101-153/2023	hCoV-19/Mexico/MEX-INMEGEN-101-153/2023|2023-03-16|2023-05-02	23A	XBB.1.5	EPI_ISL_17591173	2023-03-16	North America / Mexico / State of Mexico
hCoV-19/USA/CA-HLX-STM-9G4M9U38K/2023	hCoV-19/USA/CA-HLX-STM-9G4M9U38K/2023|2023-05-20|2023-06-12	22E	DU.1	EPI_ISL_17789134	2023-05-20	North America / USA / California
hCoV-19/USA/PA-CDC-STM-3ZXF779ZU/2023	hCoV-19/USA/PA-CDC-STM-3ZXF779ZU/2023|2023-01-10|2023-01-25	23A	XBB.1.5.15	EPI_ISL_16663998	2023-01-10	North America / USA / Pennsylvania
hCoV-19/USA/CA-GBW-H10-014-3301/2023	hCoV-19/USA/CA-GBW-H10-014-3301/2023|2023-06-13|2023-06-26	23A	FT.3.1	EPI_ISL_17838474	2023-06-13	North America / USA / California / San Mateo County
hCoV-19/India/GJ-INSACOG-GBRC11854/2023	hCoV-19/India/GJ-INSACOG-GBRC11854/2023|2023-04-01|2023-04-29	23B	XBB.1.16.1	EPI_ISL_17586347	2023-04-01	Asia / India / Gujarat / Ahmedabad
hCoV-19/Brazil/SP-FIOCRUZ-2252/2023	hCoV-19/Brazil/SP-FIOCRUZ-2252/2023|2023-03-06|2023-04-28	22F	XBB.1.18.1	EPI_ISL_17586117	2023-03-06	South America / Brazil / Sao Paulo / Sao Paulo
hCoV-19/Canada/SK-RRPL-619175/2023	hCoV-19/Canada/SK-RRPL-619175/2023|2023-04-07|2023-04-27	23A	XBB.1.5	EPI_ISL_17583039	2023-04-07	North America / Canada / Saskatchewan
hCoV-19/USA/NC-CDC-LC1040034/2023	hCoV-19/USA/NC-CDC-LC1040034/2023|2023-04-30|2023-05-11	23A	XBB.1.5	EPI_ISL_17639674	2023-04-30	North America / USA / North Carolina
hCoV-19/France/OCC-ChuMtp-99230934724/2023	hCoV-19/France/OCC-ChuMtp-99230934724/2023|2023-04-03|2023-04-26	23A	XBB.1.5	EPI_ISL_17550553	2023-04-03	Europe / France / Occitanie / Herault
hCoV-19/Japan/PG-429834/2023	hCoV-19/Japan/PG-429834/2023|2023-01-04|2023-01-25	22B	BA.5.1.5	EPI_ISL_16644829	2023-01-04	Asia / Japan / Saga
hCoV-19/Canada/ON-PHL-23-22348/2023	hCoV-19/Canada/ON-PHL-23-22348/2023|2023-04-19|2023-05-01	23A	XBB.1.5	EPI_ISL_17590680	2023-04-19	North America / Canada / Ontario
hCoV-19/USA/MI-UM-HS16814/2023	hCoV-19/USA/MI-UM-HS16814/2023|2023-02-21|2023-05-30	23A	XBB.1.5.16	EPI_ISL_17727378	2023-02-21	North America / USA / Michigan
hCoV-19/France/OCC-HCL-723000627301/2023	hCoV-19/France/OCC-HCL-723000627301/2023|2023-04-11|2023-05-05	23A	XBB.1.5.36	EPI_ISL_17615318	2023-04-11	Europe / France / Occitanie / Herault
hCoV-19/Austria/AGES-1134746/2023	hCoV-19/Austria/AGES-1134746/2023|2023-04-07|2023-04-22	23A	XBB.1.5	EPI_ISL_17525586	2023-04-07	Europe / Austria / Salzburg
hCoV-19/USA/CA-CCPHL-5033/2023	hCoV-19/USA/CA-CCPHL-5033/2023|2023-05-22|2023-06-13	23B	XBB.1.16.4	EPI_ISL_17789994	2023-05-22	North America / USA / California / Contra Costa County
hCoV-19/USA/HI-H2321754/2023	hCoV-19/USA/HI-H2321754/2023|2023-04-27|2023-05-17	23A	XBB.1.5	EPI_ISL_17675293	2023-04-27	North America / USA / Hawaii / Honolulu County
hCoV-19/Denmark/DCGC-639965/2023	hCoV-19/Denmark/DCGC-639965/2023|2023-01-24|2023-02-01	22D	CA.7	EPI_ISL_16749721	2023-01-24	Europe / Denmark / Hovedstaden
hCoV-19/Canada/QC-L00620974001/2023	hCoV-19/Canada/QC-L00620974001/2023|2023-05-29|2023-06-16	23A	FD.1.1	EPI_ISL_17809989	2023-05-29	North America / Canada / Quebec
hCoV-19/France/ARA-HCL023055626101/2023	hCoV-19/France/ARA-HCL023055626101/2023|2023-04-02|2023-04-14	23D	FL.10	EPI_ISL_17472433	2023-04-02	Europe / France / Auvergne-Rhone-Alpes
hCoV-19/Italy/LOM-ASST-69344074/2023	hCoV-19/Italy/LOM-ASST-69344074/2023|2023-04-12|2023-04-17	23A	XBB.1.5.46	EPI_ISL_17485326	2023-04-12	Europe / Italy / Lombardy
hCoV-19/USA/CT-Yale-24429/2023	hCoV-19/USA/CT-Yale-24429/2023|2023-03-20|2023-04-05	23A	XBB.1.5	EPI_ISL_17401760	2023-03-20	North America / USA / Connecticut / New Haven
hCoV-19/Malaysia/IIUM22209/2022	hCoV-19/Malaysia/IIUM22209/2022|2022-11-08|2023-04-16	recombinant	XBS	EPI_ISL_17479466	2022-11-08	Asia / Malaysia / Kuantan
hCoV-19/Japan/PG-468069/2023	hCoV-19/Japan/PG-468069/2023|2023-03-23|2023-04-17	22B	BF.7.15	EPI_ISL_17482050	2023-03-23	Asia / Japan / Tottori
hCoV-19/USA/HI-H2320852/2023	hCoV-19/USA/HI-H2320852/2023|2023-03-14|2023-04-13	23A	XBB.1.5	EPI_ISL_17468390	2023-03-14	North America / USA / Hawaii / Maui County HI
hCoV-19/England/PHEC-YYE1GPU/2023	hCoV-19/England/PHEC-YYE1GPU/2023|2023-04-01|2023-04-17	23A	EM.1	EPI_ISL_17484573	2023-04-01	Europe / United Kingdom / England
hCoV-19/England/QEUH-326E9E6E/2023	hCoV-19/England/QEUH-326E9E6E/2023|2023-02-23|2023-03-08	23A	XBB.1.5	EPI_ISL_17154153	2023-02-23	Europe / United Kingdom / England
hCoV-19/USA/MD-HP44054-PIDHJUINJQ/2023	hCoV-19/USA/MD-HP44054-PIDHJUINJQ/2023|2023-02-03|2023-04-05	23A	XBB.1.5	EPI_ISL_17405867	2023-02-03	North America / USA / Maryland
hCoV-19/England/PHEP-YYGM5RB/2023	hCoV-19/England/PHEP-YYGM5RB/2023|2023-02-21|2023-03-08	23A	XBB.1.5.20	EPI_ISL_17154736	2023-02-21	Europe / United Kingdom / England
hCoV-19/India/MH_BJCOG_5375/2023	hCoV-19/India/MH_BJCOG_5375/2023|2023-03-25|2023-04-05	23B	XBB.1.16	EPI_ISL_17403740	2023-03-25	Asia / India / Maharashtra
hCoV-19/USA/WI-UW-14618/2022	hCoV-19/USA/WI-UW-14618/2022|2022-12-16|2023-02-02	22B	BA.5.1.18	EPI_ISL_17157586	2022-12-16	North America / USA / Wisconsin / Dane County
hCoV-19/Canada/ON-PHL-23-17506/2023	hCoV-19/Canada/ON-PHL-23-17506/2023|2023-03-13|2023-03-21	23A	FT.1	EPI_ISL_17266328	2023-03-13	North America / Canada / Ontario
hCoV-19/Canada/ON-PHL-23-16970-v2/2023	hCoV-19/Canada/ON-PHL-23-16970-v2/2023|2023-03-10|2023-03-27	23A	XBB.1.5.33	EPI_ISL_17306495	2023-03-10	North America / Canada / Ontario
hCoV-19/England/BRBR-3270E381/2023	hCoV-19/England/BRBR-3270E381/2023|2023-03-21|2023-03-30	23A	XBB.1.5	EPI_ISL_17350732	2023-03-21	Europe / United Kingdom / England
hCoV-19/Ireland/WH-NVRL-ecS23IRL00001101/2023	hCoV-19/Ireland/WH-NVRL-ecS23IRL00001101/2023|2023-01-05|2023-02-07	22E	BQ.1.1.22	EPI_ISL_16848620	2023-01-05	Europe / Ireland / Westmeath
hCoV-19/Poland/2303-061_wsselodz/2023	hCoV-19/Poland/2303-061_wsselodz/2023|2023-02-23|2023-03-06	23A	XBB.1.5.37	EPI_ISL_17092853	2023-02-23	Europe / Poland / Wielkopolskie / Szamotulski
hCoV-19/Israel/ICH-741196327/2023	hCoV-19/Israel/ICH-741196327/2023|2023-02-22|2023-03-06	23D	EG.1.3	EPI_ISL_17097641	2023-02-22	Asia / Israel
hCoV-19/England/BRBR-326E0878/2023	hCoV-19/England/BRBR-326E0878/2023|2023-02-22|2023-03-06	23A	XBB.1.5	EPI_ISL_17097138	2023-02-22	Europe / United Kingdom / England
hCoV-19/Bahrain/CDL-22920504787/2022	hCoV-19/Bahrain/CDL-22920504787/2022|2022-12-18|2023-02-15	22F	XBB.1	EPI_ISL_17081783	2022-12-18	Asia / Bahrain
hCoV-19/Japan/TKYkbm88569/2023	hCoV-19/Japan/TKYkbm88569/2023|2023-03-02|2023-03-20	22B	BF.5.4	EPI_ISL_17243644	2023-03-02	Asia / Japan / Tokyo
hCoV-19/Spain/AN-PMC-31953/2022	hCoV-19/Spain/AN-PMC-31953/2022|2022-12-23|2023-03-16	22E	BQ.1.1.15	EPI_ISL_17214672	2022-12-23	Europe / Spain / Andalusia / Sevilla
hCoV-19/Canada/BC-BCCDC-604144/2023	hCoV-19/Canada/BC-BCCDC-604144/2023|2023-02-20|2023-03-24	23D	FL.5	EPI_ISL_17288776	2023-02-20	North America / Canada / British Columbia
hCoV-19/Canada/ON-PHL-23-19277/2023	hCoV-19/Canada/ON-PHL-23-19277/2023|2023-03-24|2023-04-03	23A	XBB.1.5	EPI_ISL_17386899	2023-03-24	North America / Canada / Ontario
hCoV-19/USA/MD-HP45572-PIDLLCTMVY/2023	hCoV-19/USA/MD-HP45572-PIDLLCTMVY/2023|2023-02-21|2023-03-31	23A	XBB.1.5	EPI_ISL_17368268	2023-02-21	North America / USA / Maryland
hCoV-19/France/PAC-IHU-101576/2022	hCoV-19/France/PAC-IHU-101576/2022|2022-12-01|2023-04-04	22E	BQ.1	EPI_ISL_17396963	2022-12-01	Europe / France / Provence-Alpes-Cote d'Azur
hCoV-19/Mexico/CMX-INER-IBT-2473/2023	hCoV-19/Mexico/CMX-INER-IBT-2473/2023|2023-03-03|2023-03-22	23A	XBB.1.5	EPI_ISL_17270206	2023-03-03	North America / Mexico / Mexico City
hCoV-19/Canada/ON-PHL-23-20493/2023	hCoV-19/Canada/ON-PHL-23-20493/2023|2023-04-01|2023-04-11	23A	XBB.1.5	EPI_ISL_17442679	2023-04-01	North America / Canada / Ontario
hCoV-19/Israel/ICH-741196720/2023	hCoV-19/Israel/ICH-741196720/2023|2023-03-07|2023-03-19	22F	FY.1.2	EPI_ISL_17241699	2023-03-07	Asia / Israel
hCoV-19/Austria/LB-R00128-S090/2023	hCoV-19/Austria/LB-R00128-S090/2023|2023-03-06|2023-03-13	23A	XBB.1.5	EPI_ISL_17189478	2023-03-06	Europe / Austria / Vienna
hCoV-19/Japan/PG-462842/2023	hCoV-19/Japan/PG-462842/2023|2023-02-28|2023-03-19	22B	BF.5	EPI_ISL_17243036	2023-02-28	Asia / Japan / Saitama
hCoV-19/USA/NC-MCPH-CLT-014361/2023	hCoV-19/USA/NC-MCPH-CLT-014361/2023|2023-02-17|2023-03-09	23A	XBB.1.5	EPI_ISL_17168284	2023-02-17	North America / USA / North Carolina / Mecklenburg County
hCoV-19/USA/IL-IDPH-S23WGS0482/2023	hCoV-19/USA/IL-IDPH-S23WGS0482/2023|2023-02-17|2023-03-02	22E	EF.1.1	EPI_ISL_17073074	2023-02-17	North America / USA / Illinois / Vermilion
hCoV-19/Hungary/MBL-21523/2022	hCoV-19/Hungary/MBL-21523/2022|2022-11-30|2023-02-27	22B	BA.5.2	EPI_ISL_17033753	2022-11-30	Europe / Hungary / Budapest
hCoV-19/Austria/LB-R00126-S069/2023	hCoV-19/Austria/LB-R00126-S069/2023|2023-02-20|2023-02-27	23D	FL.4	EPI_ISL_17034074	2023-02-20	Europe / Austria / Vienna
hCoV-19/England/BRBR-327162F2/2023	hCoV-19/England/BRBR-327162F2/2023|2023-03-27|2023-04-05	23A	XBB.1.5	EPI_ISL_17400387	2023-03-27	Europe / United Kingdom / England
hCoV-19/USA/CA-GBW-H10-010-3771/2023	hCoV-19/USA/CA-GBW-H10-010-3771/2023|2023-02-11|2023-02-20	23A	XBB.1.5	EPI_ISL_16982289	2023-02-11	North America / USA / California / San Mateo County
hCoV-19/USA/MD-CDC-QDX45961545/2023	hCoV-19/USA/MD-CDC-QDX45961545/2023|2023-01-23|2023-02-07	22E	BQ.1.1	EPI_ISL_16851375	2023-01-23	North America / USA / Maryland
hCoV-19/Canada/BC-BCCDC-559318/2022	hCoV-19/Canada/BC-BCCDC-559318/2022|2022-11-21|2023-03-08	22E	BQ.1.11	EPI_ISL_17149120	2022-11-21	North America / Canada / British Columbia
hCoV-19/Japan/TKYS28596/2022	hCoV-19/Japan/TKYS28596/2022|2022-11-30|2023-02-18	22B	BF.7.4	EPI_ISL_16965325	2022-11-30	Asia / Japan / Tokyo
hCoV-19/Japan/PG-413415/2022	hCoV-19/Japan/PG-413415/2022|2022-12-06|2023-02-18	22B	BA.5.2.1	EPI_ISL_16964663	2022-12-06	Asia / Japan / Gunma
hCoV-19/USA/GA-GPHL-0186/2023	hCoV-19/USA/GA-GPHL-0186/2023|2023-02-01|2023-02-17	23A	XBB.1.5.7	EPI_ISL_16965572	2023-02-01	North America / USA / Georgia
hCoV-19/Mexico/OAX_LANGEBIO_IMSS_14739/2023	hCoV-19/Mexico/OAX_LANGEBIO_IMSS_14739/2023|2023-04-14|2023-09-14	23A	XBB.1.5	EPI_ISL_18260165	2023-04-14	North America / Mexico / Oaxaca
hCoV-19/Japan/PG-450243/2023	hCoV-19/Japan/PG-450243/2023|2023-02-04|2023-02-22	22E	BQ.1.25.1	EPI_ISL_17001030	2023-02-04	Asia / Japan / Osaka
hCoV-19/Canada/AB-ABPHL-92746/2023	hCoV-19/Canada/AB-ABPHL-92746/2023|2023-01-11|2023-02-24	22E	BQ.1.1	EPI_ISL_17022419	2023-01-11	North America / Canada / Alberta
hCoV-19/Italy/VEN-IZSVe-23RS8059-6_PD/2023	hCoV-19/Italy/VEN-IZSVe-23RS8059-6_PD/2023|2023-02-23|2023-03-07	23A	XBB.1.5.18	EPI_ISL_17105646	2023-02-23	Europe / Italy / Veneto
hCoV-19/USA/CA-SEARCH-131445/2022	hCoV-19/USA/CA-SEARCH-131445/2022|2022-12-19|2023-03-02	22E	BQ.1.1.32	EPI_ISL_17074445	2022-12-19	North America / USA / California / San Diego
hCoV-19/Canada/QC-L00586638001/2023	hCoV-19/Canada/QC-L00586638001/2023|2023-02-12|2023-02-27	22E	BQ.1.15.1	EPI_ISL_17034599	2023-02-12	North America / Canada / Quebec
hCoV-19/USA/CA-HLX-STM-PZEXR39FY/2023	hCoV-19/USA/CA-HLX-STM-PZEXR39FY/2023|2023-02-13|2023-03-03	23A	XBB.1.5.49	EPI_ISL_17084529	2023-02-13	North America / USA / California
hCoV-19/Australia/NSW-SAVID-16340/2023	hCoV-19/Australia/NSW-SAVID-16340/2023|2023-02-26|2023-03-10	23A	XBB.1.5.13	EPI_ISL_17172464	2023-02-26	Oceania / Australia / New South Wales / Sydney
hCoV-19/USA/NC-WFSM-1085-9247/2023	hCoV-19/USA/NC-WFSM-1085-9247/2023|2023-02-06|2023-02-16	22E	DN.2	EPI_ISL_16946734	2023-02-06	North America / USA / North Carolina
hCoV-19/USA/CA-LACPHL-AF18959/2023	hCoV-19/USA/CA-LACPHL-AF18959/2023|2023-01-21|2023-02-14	22E	BQ.1.1.40	EPI_ISL_16920975	2023-01-21	North America / USA / California / Los Angeles County
hCoV-19/Spain/PV-HUB-54432797/2023	hCoV-19/Spain/PV-HUB-54432797/2023|2023-02-10|2023-02-27	22E	EF.1.1	EPI_ISL_17033249	2023-02-10	Europe / Spain / Basque Country / Bizkaia
hCoV-19/Canada/ON-PHL-23-09721/2023	hCoV-19/Canada/ON-PHL-23-09721/2023|2023-02-01|2023-02-13	23A	XBB.1.5	EPI_ISL_16905619	2023-02-01	North America / Canada / Ontario
hCoV-19/England/PHEC-YYEY8PZ/2023	hCoV-19/England/PHEC-YYEY8PZ/2023|2023-01-26|2023-02-09	23A	XBB.1.5.18	EPI_ISL_16866168	2023-01-26	Europe / United Kingdom / England
hCoV-19/France/NAQ-HCL723000190701/2023	hCoV-19/France/NAQ-HCL723000190701/2023|2023-01-30|2023-02-09	22E	EN.1	EPI_ISL_16866825	2023-01-30	Europe / France / Nouvelle-Aquitaine
hCoV-19/USA/LA-OD-O-7340105404/2023	hCoV-19/USA/LA-OD-O-7340105404/2023|2023-01-24|2023-02-08	23A	XBB.1.5	EPI_ISL_16851915	2023-01-24	North America / USA / Louisiana / Orleans
hCoV-19/Japan/TKYmbc31278/2022	hCoV-19/Japan/TKYmbc31278/2022|2022-12-30|2023-02-07	22E	BQ.1.1.31	EPI_ISL_16843672	2022-12-30	Asia / Japan / Tokyo
hCoV-19/USA/CT-Yale-24126/2023	hCoV-19/USA/CT-Yale-24126/2023|2023-02-06|2023-02-22	23A	XBB.1.5	EPI_ISL_16997934	2023-02-06	North America / USA / Connecticut / Fairfield
hCoV-19/Canada/AB-ABPHL-92157/2023	hCoV-19/Canada/AB-ABPHL-92157/2023|2023-01-19|2023-02-09	22E	BQ.1.1	EPI_ISL_16875681	2023-01-19	North America / Canada / Alberta
hCoV-19/Austria/AGES-1110589/2023	hCoV-19/Austria/AGES-1110589/2023|2023-01-30|2023-02-17	22E	BQ.1.1	EPI_ISL_16951327	2023-01-30	Europe / Austria / Upper Austria
hCoV-19/Japan/PG-434950/2023	hCoV-19/Japan/PG-434950/2023|2023-01-10|2023-02-17	22B	BF.5	EPI_ISL_16949815	2023-01-10	Asia / Japan / Fukuoka
hCoV-19/USA/NJ-CDC-LC1002315/2023	hCoV-19/USA/NJ-CDC-LC1002315/2023|2023-01-26|2023-02-08	23A	XBB.1.5	EPI_ISL_16860785	2023-01-26	North America / USA / New Jersey
hCoV-19/England/BRBR-326AC7B7/2023	hCoV-19/England/BRBR-326AC7B7/2023|2023-01-24|2023-02-01	22E	BQ.1.1.4	EPI_ISL_16749198	2023-01-24	Europe / United Kingdom / England
hCoV-19/Sweden/SUS0020611/2023	hCoV-19/Sweden/SUS0020611/2023|2023-02-02|2023-02-13	22E	BQ.1.1	EPI_ISL_16903625	2023-02-02	Europe / Sweden / Skane
hCoV-19/USA/VA-VTVAS3-GSC41705/2023	hCoV-19/USA/VA-VTVAS3-GSC41705/2023|2023-01-12|2023-02-15	22E	DR.1	EPI_ISL_16937979	2023-01-12	North America / USA / Virginia
hCoV-19/Peru/AMA-INS-39004/2022	hCoV-19/Peru/AMA-INS-39004/2022|2022-12-21|2023-02-09	22F	XBB.2.6	EPI_ISL_16870491	2022-12-21	South America / Peru / Amazonas
hCoV-19/England/BRBR-326B3F5B/2023	hCoV-19/England/BRBR-326B3F5B/2023|2023-01-30|2023-02-10	23A	XBB.1.5	EPI_ISL_16879781	2023-01-30	Europe / United Kingdom / England
hCoV-19/Brazil/PB-FIOCRUZ-28360/2022	hCoV-19/Brazil/PB-FIOCRUZ-28360/2022|2022-12-13|2023-01-31	22E	BQ.1.1	EPI_ISL_16743485	2022-12-13	South America / Brazil / Paraiba / Patos
hCoV-19/USA/VA-FBCH-5696/2022	hCoV-19/USA/VA-FBCH-5696/2022|2022-12-02|2023-01-31	22E	BQ.1.1.4	EPI_ISL_16743780	2022-12-02	North America / USA / Virginia
hCoV-19/Scotland/SCOT-24731/2023	hCoV-19/Scotland/SCOT-24731/2023|2023-01-16|2023-02-06	22E	DN.1	EPI_ISL_16830096	2023-01-16	Europe / United Kingdom / Scotland
hCoV-19/USA/MN-MDH-33696/2023	hCoV-19/USA/MN-MDH-33696/2023|2023-01-08|2023-02-03	23A	XBB.1.5.2	EPI_ISL_16817037	2023-01-08	North America / USA / Minnesota
hCoV-19/Japan/TKYkbm83491/2023	hCoV-19/Japan/TKYkbm83491/2023|2023-01-10|2023-02-07	22E	BQ.1.1.70	EPI_ISL_16841507	2023-01-10	Asia / Japan / Tokyo
hCoV-19/USA/WV-WVU-WV135733/2022	hCoV-19/USA/WV-WVU-WV135733/2022|2022-12-06|2023-02-06	22B	BF.7.4	EPI_ISL_16841695	2022-12-06	North America / USA / West Virginia
hCoV-19/Scotland/SCOT-23132/2022	hCoV-19/Scotland/SCOT-23132/2022|2022-12-14|2023-01-23	22E	BQ.1.1.7	EPI_ISL_16615811	2022-12-14	Europe / United Kingdom / Scotland
hCoV-19/Japan/TKYkbm84782/2023	hCoV-19/Japan/TKYkbm84782/2023|2023-01-16|2023-02-09	22E	BQ.1.1.4	EPI_ISL_16865256	2023-01-16	Asia / Japan / Tokyo
hCoV-19/Thailand/DMSc-13214/2022	hCoV-19/Thailand/DMSc-13214/2022|2022-11-15|2023-02-06	22D	BM.1.1.4	EPI_ISL_16833007	2022-11-15	Asia / Thailand / Samut Prakan
hCoV-19/Italy/VEN-IZSVe-23RS8035-12_TV/2023	hCoV-19/Italy/VEN-IZSVe-23RS8035-12_TV/2023|2023-01-24|2023-02-07	22E	BQ.1.1.18	EPI_ISL_16845973	2023-01-24	Europe / Italy / Veneto
hCoV-19/Canada/QC-L00582327001/2023	hCoV-19/Canada/QC-L00582327001/2023|2023-01-31|2023-02-14	22E	DT.2	EPI_ISL_16913614	2023-01-31	North America / Canada / Quebec
hCoV-19/Netherlands/GE-RIVM-124770/2023	hCoV-19/Netherlands/GE-RIVM-124770/2023|2023-01-10|2023-02-02	22E	BQ.1.1.45	EPI_ISL_16759449	2023-01-10	Europe / Netherlands / Gelderland
hCoV-19/Germany/BW-RKI-I-1099980/2023	hCoV-19/Germany/BW-RKI-I-1099980/2023|2023-01-30|2023-02-10	22E	EW.1	EPI_ISL_16882758	2023-01-30	Europe / Germany / Baden-Wurttemberg
hCoV-19/USA/FL-TGH-4684/2023	hCoV-19/USA/FL-TGH-4684/2023|2023-01-14|2023-02-01	23A	XBB.1.5	EPI_ISL_16756984	2023-01-14	North America / USA / Florida
hCoV-19/Russia/SPE-RII-9714S/2023	hCoV-19/Russia/SPE-RII-9714S/2023|2023-01-22|2023-02-13	23A	XBB.1.5	EPI_ISL_16902719	2023-01-22	Europe / Russia / Saint Petersburg / Saint Petersburg
hCoV-19/USA/MA-CDCBI-CRSP_7HF6ZEPLLZMZ6Y6K/2023	hCoV-19/USA/MA-CDCBI-CRSP_7HF6ZEPLLZMZ6Y6K/2023|2023-01-09|2023-01-21	23A	XBB.1.5.67	EPI_ISL_16612454	2023-01-09	North America / USA / Massachusetts
hCoV-19/Japan/PG-439283/2023	hCoV-19/Japan/PG-439283/2023|2023-01-14|2023-02-03	22E	EF.1.1	EPI_ISL_16806397	2023-01-14	Asia / Japan / Kagoshima
hCoV-19/Germany/HH-RKI-I-1098720/2023	hCoV-19/Germany/HH-RKI-I-1098720/2023|2023-01-13|2023-02-10	21L	BA.2.3.20	EPI_ISL_16881897	2023-01-13	Europe / Germany / Hamburg
hCoV-19/France/PAC-LBZCentre-AB2212190116/2022	hCoV-19/France/PAC-LBZCentre-AB2212190116/2022|2022-12-19|2023-01-19	22E	BQ.1.1	EPI_ISL_16567560	2022-12-19	Europe / France / Provence-Alpes-Cote d'Azur / Alpes-Maritimes
hCoV-19/England/PHEC-YY8HCKY/2023	hCoV-19/England/PHEC-YY8HCKY/2023|2023-01-08|2023-01-23	22B	BA.5.2.23	EPI_ISL_16615004	2023-01-08	Europe / United Kingdom / England
hCoV-19/Canada/QC-L00575013001/2023	hCoV-19/Canada/QC-L00575013001/2023|2023-01-09|2023-01-23	22E	BQ.1.1.40	EPI_ISL_16619540	2023-01-09	North America / Canada / Quebec
hCoV-19/England/BRBR-3267BF6E/2022	hCoV-19/England/BRBR-3267BF6E/2022|2022-12-27|2023-01-19	22E	BQ.1.1.69	EPI_ISL_16561073	2022-12-27	Europe / United Kingdom / England
hCoV-19/England/PHEC-YY8AHBK/2022	hCoV-19/England/PHEC-YY8AHBK/2022|2022-12-31|2023-01-18	22E	BQ.1.1	EPI_ISL_16547038	2022-12-31	Europe / United Kingdom / England
hCoV-19/Greece/HERA_PHLnetwork-48059/2022	hCoV-19/Greece/HERA_PHLnetwork-48059/2022|2022-11-28|2023-01-16	22E	BQ.1.1	EPI_ISL_16533058	2022-11-28	Europe / Greece / Attica
hCoV-19/England/QEUH-3269ABA1/2023	hCoV-19/England/QEUH-3269ABA1/2023|2023-01-05|2023-01-20	22E	BQ.1.1	EPI_ISL_16584482	2023-01-05	Europe / United Kingdom / England
hCoV-19/Scotland/SCOT-23260/2022	hCoV-19/Scotland/SCOT-23260/2022|2022-12-14|2023-01-23	22E	BQ.1.1	EPI_ISL_16615939	2022-12-14	Europe / United Kingdom / Scotland
hCoV-19/Sweden/3024439563/2023	hCoV-19/Sweden/3024439563/2023|2023-01-03|2023-01-16	22B	BA.5.1.26	EPI_ISL_16531953	2023-01-03	Europe / Sweden / Vastra Gotaland County / Skovde
hCoV-19/Canada/ON-PHL-23-03389/2023	hCoV-19/Canada/ON-PHL-23-03389/2023|2023-01-02|2023-01-16	22B	CK.1	EPI_ISL_16531593	2023-01-02	North America / Canada / Ontario
hCoV-19/Austria/AGES-6053128/2022	hCoV-19/Austria/AGES-6053128/2022|2022-12-18|2023-01-13	22F	XBB.1	EPI_ISL_16514500	2022-12-18	Europe / Austria / Vienna
hCoV-19/France/PAC-HCL023007599601/2023	hCoV-19/France/PAC-HCL023007599601/2023|2023-01-02|2023-01-21	22E	BQ.1.1.59	EPI_ISL_16609832	2023-01-02	Europe / France / Provence-Alpes-Cote d'Azur
hCoV-19/USA/CA-SEARCH-218719/2022	hCoV-19/USA/CA-SEARCH-218719/2022|2022-11-18|2023-01-21	22E	BQ.1.1	EPI_ISL_16607662	2022-11-18	North America / USA / California / San Diego
hCoV-19/Spain/IB-HUSE-07570/2023	hCoV-19/Spain/IB-HUSE-07570/2023|2023-01-10|2023-01-18	22E	BQ.1.1	EPI_ISL_16550427	2023-01-10	Europe / Spain / Balearic Islands
hCoV-19/France/OCC-HCL723000130201/2023	hCoV-19/France/OCC-HCL723000130201/2023|2023-01-16|2023-01-31	22E	BQ.1.1	EPI_ISL_16740535	2023-01-16	Europe / France / Occitanie / Pyrenees-Orientales
hCoV-19/Japan/TKYhug13846/2022	hCoV-19/Japan/TKYhug13846/2022|2022-12-02|2023-01-20	22B	BF.5	EPI_ISL_16589953	2022-12-02	Asia / Japan / Tokyo
hCoV-19/Japan/TKYmbc26734/2022	hCoV-19/Japan/TKYmbc26734/2022|2022-12-19|2023-01-20	22D	BN.1.3	EPI_ISL_16590382	2022-12-19	Asia / Japan / Tokyo
hCoV-19/USA/IL-RIPHL_20804_G/2022	hCoV-19/USA/IL-RIPHL_20804_G/2022|2022-12-13|2023-01-18	22E	BQ.1.1.69	EPI_ISL_16579997	2022-12-13	North America / USA / Illinois / Cook County / Chicago
hCoV-19/Canada/ON-PHL-22-61415/2022	hCoV-19/Canada/ON-PHL-22-61415/2022|2022-12-29|2023-01-09	22E	EE.5	EPI_ISL_16452369	2022-12-29	North America / Canada / Ontario
hCoV-19/England/LSPA-32687345/2023	hCoV-19/England/LSPA-32687345/2023|2023-01-05|2023-01-12	22E	BQ.1.1	EPI_ISL_16484732	2023-01-05	Europe / United Kingdom / England
hCoV-19/Netherlands/NH-RIVM-122381/2022	hCoV-19/Netherlands/NH-RIVM-122381/2022|2022-12-18|2023-01-09	22E	BQ.1.1	EPI_ISL_16446361	2022-12-18	Europe / Netherlands / Noord-Holland
hCoV-19/Canada/BC-BCCDC-565732/2022	hCoV-19/Canada/BC-BCCDC-565732/2022|2022-12-06|2023-01-06	22E	BQ.1.1.67	EPI_ISL_16424752	2022-12-06	North America / Canada / British Columbia
hCoV-19/France/PAC-HCL723000078501/2023	hCoV-19/France/PAC-HCL723000078501/2023|2023-01-09|2023-01-21	22E	BQ.1.1	EPI_ISL_16610056	2023-01-09	Europe / France / Provence-Alpes-Cote d'Azur / Bouches-du-Rhone
hCoV-19/Peru/LIM-INS-37680/2022	hCoV-19/Peru/LIM-INS-37680/2022|2022-12-20|2023-01-20	22F	XBB.2.6	EPI_ISL_16605200	2022-12-20	South America / Peru / Lima
hCoV-19/England/BRBR-32681220/2023	hCoV-19/England/BRBR-32681220/2023|2023-01-02|2023-01-11	22E	BQ.1.1.8	EPI_ISL_16467930	2023-01-02	Europe / United Kingdom / England
hCoV-19/Canada/ON-KHS-23-00031-v1/2022	hCoV-19/Canada/ON-KHS-23-00031-v1/2022|2022-12-29|2023-01-10	22E	BQ.1.1	EPI_ISL_16473133	2022-12-29	North America / Canada / Ontario
hCoV-19/Austria/AGES-6052359/2022	hCoV-19/Austria/AGES-6052359/2022|2022-12-03|2023-01-18	22D	BY.1	EPI_ISL_16555127	2022-12-03	Europe / Austria / Vienna
hCoV-19/USA/CA-HLX-STM-U4J48FJS7/2022	hCoV-19/USA/CA-HLX-STM-U4J48FJS7/2022|2022-11-29|2023-01-03	22E	BQ.1.1	EPI_ISL_16362615	2022-11-29	North America / USA / California
hCoV-19/Slovenia/08-103793-MB/2022	hCoV-19/Slovenia/08-103793-MB/2022|2022-12-06|2023-01-11	22E	BQ.1.10.1	EPI_ISL_16479634	2022-12-06	Europe / Slovenia / Podravska
hCoV-19/Japan/PG-417717/2022	hCoV-19/Japan/PG-417717/2022|2022-12-15|2023-01-12	22B	BF.38.2	EPI_ISL_16481932	2022-12-15	Asia / Japan / Tochigi
hCoV-19/Japan/PG-419835/2022	hCoV-19/Japan/PG-419835/2022|2022-12-13|2023-01-10	22B	BF.5	EPI_ISL_16455696	2022-12-13	Asia / Japan / Fukushima
hCoV-19/Slovenia/23-065244-MB/2022	hCoV-19/Slovenia/23-065244-MB/2022|2022-12-11|2023-01-11	22E	BQ.1.1	EPI_ISL_16474864	2022-12-11	Europe / Slovenia / Podravska
hCoV-19/Japan/TKYhug13255/2022	hCoV-19/Japan/TKYhug13255/2022|2022-11-28|2023-01-13	22B	BF.5	EPI_ISL_16501279	2022-11-28	Asia / Japan / Tokyo
hCoV-19/USA/NY-NYCPHL-016044/2022	hCoV-19/USA/NY-NYCPHL-016044/2022|2022-11-28|2023-01-12	22E	BQ.1.1.28	EPI_ISL_16490598	2022-11-28	North America / USA / New York / New York City
hCoV-19/Japan/TKYmbc24864/2022	hCoV-19/Japan/TKYmbc24864/2022|2022-12-13|2023-01-13	22B	BF.11.5	EPI_ISL_16500095	2022-12-13	Asia / Japan / Tokyo
hCoV-19/Canada/ON-PHL-23-03565/2023	hCoV-19/Canada/ON-PHL-23-03565/2023|2023-01-06|2023-01-16	22E	BQ.1.1.7	EPI_ISL_16530656	2023-01-06	North America / Canada / Ontario
hCoV-19/Australia/QLD0x012C75/2022	hCoV-19/Australia/QLD0x012C75/2022|2022-10-05|2023-01-12	22B	BF.10	EPI_ISL_16482775	2022-10-05	Oceania / Australia / Queensland
hCoV-19/USA/MD-HP42093-PIDXAQWZHM/2022	hCoV-19/USA/MD-HP42093-PIDXAQWZHM/2022|2022-12-22|2023-01-06	22E	BQ.1.1.43	EPI_ISL_16431378	2022-12-22	North America / USA / Maryland
hCoV-19/Slovenia/243373/2022	hCoV-19/Slovenia/243373/2022|2022-12-21|2023-01-06	22E	EF.1.1	EPI_ISL_16411989	2022-12-21	Europe / Slovenia
hCoV-19/Israel/ICH-741194594/2022	hCoV-19/Israel/ICH-741194594/2022|2022-12-22|2023-01-05	22E	BQ.1.1	EPI_ISL_16395722	2022-12-22	Asia / Israel
hCoV-19/USA/GA-ASC-210960057/2022	hCoV-19/USA/GA-ASC-210960057/2022|2022-12-12|2022-12-28	22E	BQ.1.1	EPI_ISL_16309530	2022-12-12	North America / USA / Georgia
hCoV-19/Poland/22SNR3656/2022	hCoV-19/Poland/22SNR3656/2022|2022-12-09|2022-12-28	22E	BQ.1.1	EPI_ISL_16304686	2022-12-09	Europe / Poland / Podkarpackie
hCoV-19/Japan/TKYkbm69226/2022	hCoV-19/Japan/TKYkbm69226/2022|2022-11-29|2023-01-07	22B	BA.5.1	EPI_ISL_16431742	2022-11-29	Asia / Japan / Tokyo
hCoV-19/England/BRBR-3265B474/2022	hCoV-19/England/BRBR-3265B474/2022|2022-12-27|2023-01-03	22D	BN.1.3	EPI_ISL_16356027	2022-12-27	Europe / United Kingdom / England
hCoV-19/France/NAQ-ALPIGENE-2212070138/2022	hCoV-19/France/NAQ-ALPIGENE-2212070138/2022|2022-12-05|2023-01-05	22E	BQ.1.1	EPI_ISL_16402867	2022-12-05	Europe / France / Nouvelle-Aquitaine / Gironde
hCoV-19/Liechtenstein/FL-Risch-1227R15441/2022	hCoV-19/Liechtenstein/FL-Risch-1227R15441/2022|2022-12-27|2023-01-02	22B	BF.14	EPI_ISL_16352073	2022-12-27	Europe / Liechtenstein
hCoV-19/USA/CA-SC-275720/2022	hCoV-19/USA/CA-SC-275720/2022|2022-11-28|2023-01-04	22B	BA.5.2.1	EPI_ISL_16383886	2022-11-28	North America / USA / California / Santa Clara County
hCoV-19/France/BFC-HMN-22122200340/2022	hCoV-19/France/BFC-HMN-22122200340/2022|2022-12-06|2023-01-06	22E	BQ.1.1.18	EPI_ISL_16414819	2022-12-06	Europe / France / Bourgogne-Franche-Comte
hCoV-19/Mexico/QUE_InDRE_FB3756/2023	hCoV-19/Mexico/QUE_InDRE_FB3756/2023|2023-07-15|2023-09-22	23A	XBB.1.5.24	EPI_ISL_18296061	2023-07-15	North America / Mexico / Queretaro
hCoV-19/Brazil/AM-FIOCRUZ-ILMD2206965/2022	hCoV-19/Brazil/AM-FIOCRUZ-ILMD2206965/2022|2022-12-01|2023-01-03	22E	BQ.1	EPI_ISL_16358555	2022-12-01	South America / Brazil / Amazonas / Manaus
hCoV-19/Japan/PG-419427/2022	hCoV-19/Japan/PG-419427/2022|2022-12-27|2023-01-04	22B	BA.5.2.1	EPI_ISL_16374117	2022-12-27	Asia / Japan / Mie
hCoV-19/Israel/ICH-741194135/2022	hCoV-19/Israel/ICH-741194135/2022|2022-12-20|2023-01-01	22E	BQ.1.1.53	EPI_ISL_16348681	2022-12-20	Asia / Israel
hCoV-19/Brazil/SC-FIOCRUZ-23289/2022	hCoV-19/Brazil/SC-FIOCRUZ-23289/2022|2022-11-11|2022-12-27	22B	BE.10	EPI_ISL_16302751	2022-11-11	South America / Brazil / Santa Catarina / Sao Jose
hCoV-19/Italy/CAM-TIGEM-IZSM-COLLI-42809/2022	hCoV-19/Italy/CAM-TIGEM-IZSM-COLLI-42809/2022|2022-12-07|2023-01-04	22E	BQ.1.1	EPI_ISL_16374900	2022-12-07	Europe / Italy / Campania
hCoV-19/Argentina/PAIS-A1691/2022	hCoV-19/Argentina/PAIS-A1691/2022|2022-12-12|2022-12-23	22E	BQ.1.1	EPI_ISL_16268113	2022-12-12	South America / Argentina / Buenos Aires / Ezpeleta
hCoV-19/USA/WI-MHDL-120026/2022	hCoV-19/USA/WI-MHDL-120026/2022|2022-11-16|2022-12-22	22E	BQ.1.1.5	EPI_ISL_16244813	2022-11-16	North America / USA / Wisconsin / Waukesha County
hCoV-19/USA/CA-HLX-STM-P8ETR6AV7/2022	hCoV-19/USA/CA-HLX-STM-P8ETR6AV7/2022|2022-11-28|2023-01-03	22E	BQ.1	EPI_ISL_16363077	2022-11-28	North America / USA / California
hCoV-19/Indonesia/JK-JKT-BRIN-141/2022	hCoV-19/Indonesia/JK-JKT-BRIN-141/2022|2022-11-04|2022-12-23	22F	XBB.1	EPI_ISL_16258388	2022-11-04	Asia / Indonesia / Jakarta / Jakarta Utara
hCoV-19/Sweden/9462308363/2022	hCoV-19/Sweden/9462308363/2022|2022-12-12|2022-12-22	22B	BF.7.5	EPI_ISL_16239952	2022-12-12	Europe / Sweden / Vastra Gotaland County / Skovde
hCoV-19/Scotland/QEUH-3263B6ED/2022	hCoV-19/Scotland/QEUH-3263B6ED/2022|2022-12-10|2022-12-29	22D	BY.1.2	EPI_ISL_16312049	2022-12-10	Europe / United Kingdom / Scotland
hCoV-19/Switzerland/ZH-UZH-IMV-46efa32b/2022	hCoV-19/Switzerland/ZH-UZH-IMV-46efa32b/2022|2022-12-06|2023-01-03	22B	BF.7	EPI_ISL_16357204	2022-12-06	Europe / Switzerland / Zurich
hCoV-19/Brazil/AL-FIOCRUZ-24150/2022	hCoV-19/Brazil/AL-FIOCRUZ-24150/2022|2022-11-18|2022-12-27	22E	BQ.1.1	EPI_ISL_16302696	2022-11-18	South America / Brazil / Alagoas / Maceio
hCoV-19/USA/NY-Wadsworth-22059104-01/2022	hCoV-19/USA/NY-Wadsworth-22059104-01/2022|2022-11-23|2022-12-27	22E	BQ.1.1.52	EPI_ISL_16294966	2022-11-23	North America / USA / New York / Albany County
hCoV-19/Japan/PG-407747/2022	hCoV-19/Japan/PG-407747/2022|2022-11-30|2022-12-20	22B	BA.5.2	EPI_ISL_16194179	2022-11-30	Asia / Japan / Kagoshima
hCoV-19/Indonesia/JK-CW62-3570/2022	hCoV-19/Indonesia/JK-CW62-3570/2022|2022-11-30|2023-01-02	22F	XBB.1.37	EPI_ISL_16365183	2022-11-30	Asia / Indonesia / Jakarta
hCoV-19/Luxembourg/LNS4038684/2023	hCoV-19/Luxembourg/LNS4038684/2023|2023-02-01|2023-02-14	22E	BQ.1.1.8	EPI_ISL_16912766	2023-02-01	Europe / Luxembourg
hCoV-19/Belgium/rega-46277/2022	hCoV-19/Belgium/rega-46277/2022|2022-11-14|2022-12-21	22E	BQ.1.1.67	EPI_ISL_16215800	2022-11-14	Europe / Belgium / Leuven
hCoV-19/England/PHEC-YY81MRB/2022	hCoV-19/England/PHEC-YY81MRB/2022|2022-12-08|2022-12-26	22E	BQ.1.1	EPI_ISL_16281352	2022-12-08	Europe / United Kingdom / England
hCoV-19/Brazil/RJ-FIOCRUZ-23857/2022	hCoV-19/Brazil/RJ-FIOCRUZ-23857/2022|2022-11-10|2022-12-27	22B	DL.1	EPI_ISL_16302821	2022-11-10	South America / Brazil / Rio de Janeiro / Sao Goncalo
hCoV-19/Scotland/SCOT-22237/2022	hCoV-19/Scotland/SCOT-22237/2022|2022-11-23|2022-12-26	22E	BQ.1.10	EPI_ISL_16282069	2022-11-23	Europe / United Kingdom / Scotland
hCoV-19/Japan/PG-414509/2022	hCoV-19/Japan/PG-414509/2022|2022-12-10|2022-12-24	22B	BA.5.1	EPI_ISL_16273880	2022-12-10	Asia / Japan / Nara
hCoV-19/India/KA-SLS-49149/2022	hCoV-19/India/KA-SLS-49149/2022|2022-10-01|2022-12-30	22D	BA.2.75.2	EPI_ISL_16345972	2022-10-01	Asia / India / Karnataka / Bengaluru
hCoV-19/Australia/TAS004436/2022	hCoV-19/Australia/TAS004436/2022|2022-11-27|2022-12-11	22D	BR.2.1	EPI_ISL_16074007	2022-11-27	Oceania / Australia / Tasmania
hCoV-19/India/GJ-INSACOG-GBRC10069/2022	hCoV-19/India/GJ-INSACOG-GBRC10069/2022|2022-12-10|2022-12-24	22E	BQ.1.5	EPI_ISL_16276880	2022-12-10	Asia / India / Gujarat / Anand
hCoV-19/USA/CA-ASC-210783524/2022	hCoV-19/USA/CA-ASC-210783524/2022|2022-11-18|2022-12-09	22E	BQ.1.23	EPI_ISL_16069470	2022-11-18	North America / USA / California
hCoV-19/USA/MI-SHMSU-D07_I_0138_69/2023	hCoV-19/USA/MI-SHMSU-D07_I_0138_69/2023|2023-03-22|2023-10-02	23A	XBB.1.5.50	EPI_ISL_18335245	2023-03-22	North America / USA / Michigan
hCoV-19/England/LSPA-32609E4A/2022	hCoV-19/England/LSPA-32609E4A/2022|2022-12-02|2022-12-09	22E	BQ.1.12	EPI_ISL_16052337	2022-12-02	Europe / United Kingdom / England
hCoV-19/Japan/TKYkbm58091/2022	hCoV-19/Japan/TKYkbm58091/2022|2022-11-08|2022-12-03	22B	BA.5.2.1	EPI_ISL_16000109	2022-11-08	Asia / Japan / Tokyo
hCoV-19/Scotland/SCOT-21648/2022	hCoV-19/Scotland/SCOT-21648/2022|2022-11-21|2022-12-16	22E	BQ.1	EPI_ISL_16143004	2022-11-21	Europe / United Kingdom / Scotland
hCoV-19/Canada/ON-KHS-22-16476-v1/2022	hCoV-19/Canada/ON-KHS-22-16476-v1/2022|2022-12-04|2022-12-14	22E	BQ.1.1	EPI_ISL_16113005	2022-12-04	North America / Canada / Ontario
hCoV-19/USA/UT-UPHL-221209638943/2022	hCoV-19/USA/UT-UPHL-221209638943/2022|2022-11-17|2022-12-14	22D	BA.2.75.5	EPI_ISL_16120665	2022-11-17	North America / USA / Utah
hCoV-19/Slovenia/08-102580-MB/2022	hCoV-19/Slovenia/08-102580-MB/2022|2022-11-08|2022-12-01	22B	BA.5.2	EPI_ISL_15973337	2022-11-08	Europe / Slovenia / Podravska
hCoV-19/Japan/PG-397775/2022	hCoV-19/Japan/PG-397775/2022|2022-11-15|2022-12-02	22B	BF.5	EPI_ISL_15982184	2022-11-15	Asia / Japan / Wakayama
hCoV-19/Japan/PG-404120/2022	hCoV-19/Japan/PG-404120/2022|2022-11-25|2022-12-14	22B	BA.5.2.1	EPI_ISL_16107623	2022-11-25	Asia / Japan / Shimane
hCoV-19/USA/MI-UM-10048279804/2022	hCoV-19/USA/MI-UM-10048279804/2022|2022-11-07|2022-12-13	22B	BF.7	EPI_ISL_16102802	2022-11-07	North America / USA / Michigan
hCoV-19/Japan/TKYkbm58093/2022	hCoV-19/Japan/TKYkbm58093/2022|2022-11-08|2022-12-03	22B	BA.5.2.12	EPI_ISL_16000111	2022-11-08	Asia / Japan / Tokyo
hCoV-19/USA/DE-DHSS-B1253155/2022	hCoV-19/USA/DE-DHSS-B1253155/2022|2022-11-16|2022-12-09	22E	BQ.1.23	EPI_ISL_16067938	2022-11-16	North America / USA / Delaware / New Castle
hCoV-19/USA/NM-NMDOH-2022148079/2022	hCoV-19/USA/NM-NMDOH-2022148079/2022|2022-11-09|2022-12-19	22B	BF.7	EPI_ISL_16187887	2022-11-09	North America / USA / New Mexico
hCoV-19/Canada/ON-PHL-22-55660/2022	hCoV-19/Canada/ON-PHL-22-55660/2022|2022-12-05|2022-12-19	22B	CK.1.4	EPI_ISL_16187080	2022-12-05	North America / Canada / Ontario
hCoV-19/USA/CA-HLX-STM-2ZHQQMYD4/2022	hCoV-19/USA/CA-HLX-STM-2ZHQQMYD4/2022|2022-11-22|2022-12-19	22E	BQ.1	EPI_ISL_16189443	2022-11-22	North America / USA / California
hCoV-19/Japan/PG-407701/2022	hCoV-19/Japan/PG-407701/2022|2022-11-26|2022-12-19	22D	BN.1.9	EPI_ISL_16175657	2022-11-26	Asia / Japan / Kanagawa
hCoV-19/Netherlands/NH-RIVM-120299/2022	hCoV-19/Netherlands/NH-RIVM-120299/2022|2022-11-30|2022-12-20	recombinant	XBC.1.2	EPI_ISL_16202581	2022-11-30	Europe / Netherlands / Noord-Holland
hCoV-19/USA/WA-CDC-UW22111752100/2022	hCoV-19/USA/WA-CDC-UW22111752100/2022|2022-11-17|2022-12-06	21L	BA.2.3.20	EPI_ISL_16020751	2022-11-17	North America / USA / Washington
hCoV-19/Wales/PHWC-PKEQ8O/2022	hCoV-19/Wales/PHWC-PKEQ8O/2022|2022-12-03|2022-12-22	22E	BQ.1.8	EPI_ISL_16234339	2022-12-03	Europe / United Kingdom / Wales
hCoV-19/France/ARA-HCL022204325801/2022	hCoV-19/France/ARA-HCL022204325801/2022|2022-12-06|2022-12-22	22E	BQ.1.1	EPI_ISL_16232113	2022-12-06	Europe / France / Auvergne-Rhone-Alpes
hCoV-19/France/PDL-HMN-22112300501/2022	hCoV-19/France/PDL-HMN-22112300501/2022|2022-11-07|2022-12-12	22B	BA.5.2	EPI_ISL_16080442	2022-11-07	Europe / France / Pays de la Loire
hCoV-19/England/LSPA-326105B4/2022	hCoV-19/England/LSPA-326105B4/2022|2022-12-05|2022-12-13	22D	BN.1.4.1	EPI_ISL_16095532	2022-12-05	Europe / United Kingdom / England
hCoV-19/England/LSPA-325FB608/2022	hCoV-19/England/LSPA-325FB608/2022|2022-11-22|2022-11-30	recombinant	XBG	EPI_ISL_15960469	2022-11-22	Europe / United Kingdom / England
hCoV-19/USA/AZ-ASU96093/2022	hCoV-19/USA/AZ-ASU96093/2022|2022-11-06|2022-12-08	22B	BA.5.1	EPI_ISL_16048167	2022-11-06	North America / USA / Arizona / Maricopa County
hCoV-19/USA/CO-CDPHE-2103704038/2022	hCoV-19/USA/CO-CDPHE-2103704038/2022|2022-10-17|2022-11-29	22B	BF.26	EPI_ISL_15948220	2022-10-17	North America / USA / Colorado
hCoV-19/Norway/Ahus-4543/2022	hCoV-19/Norway/Ahus-4543/2022|2022-11-06|2022-12-07	22B	BF.7.26	EPI_ISL_16030046	2022-11-06	Europe / Norway / Viken
hCoV-19/Japan/TKYkbm58335/2022	hCoV-19/Japan/TKYkbm58335/2022|2022-11-08|2022-12-03	22B	BF.5	EPI_ISL_16000523	2022-11-08	Asia / Japan / Tokyo
hCoV-19/Scotland/LSPA-3260B8B3/2022	hCoV-19/Scotland/LSPA-3260B8B3/2022|2022-12-03|2022-12-14	22E	BQ.1.23	EPI_ISL_16108882	2022-12-03	Europe / United Kingdom / Scotland
hCoV-19/Japan/TKYkbm56545/2022	hCoV-19/Japan/TKYkbm56545/2022|2022-10-20|2022-11-28	22B	BA.5.1.30	EPI_ISL_15924700	2022-10-20	Asia / Japan / Tokyo
hCoV-19/Japan/PG-401437/2022	hCoV-19/Japan/PG-401437/2022|2022-11-14|2022-12-03	22B	BE.1.1	EPI_ISL_15997392	2022-11-14	Asia / Japan / Kanagawa
hCoV-19/USA/CT-Yale-23075/2022	hCoV-19/USA/CT-Yale-23075/2022|2022-11-17|2022-12-06	22B	CQ.2	EPI_ISL_16022737	2022-11-17	North America / USA / Connecticut / Fairfield
hCoV-19/Canada/ON-PHL-22-52206/2022	hCoV-19/Canada/ON-PHL-22-52206/2022|2022-11-14|2022-11-28	22B	BA.5.2	EPI_ISL_15930599	2022-11-14	North America / Canada / Ontario
hCoV-19/USA/CA-HLX-STM-BXKK4U8A5/2022	hCoV-19/USA/CA-HLX-STM-BXKK4U8A5/2022|2022-11-15|2022-12-07	22D	BM.1.1.3	EPI_ISL_16036148	2022-11-15	North America / USA / California
hCoV-19/Germany/SH-RKI-I-1104604/2023	hCoV-19/Germany/SH-RKI-I-1104604/2023|2023-02-06|2023-02-16	23A	XBB.1.5.37	EPI_ISL_16940043	2023-02-06	Europe / Germany / Schleswig-Holstein
hCoV-19/France/NOR-CHURouen-77039987/2022	hCoV-19/France/NOR-CHURouen-77039987/2022|2022-11-18|2022-11-30	22E	BQ.1.1	EPI_ISL_15963276	2022-11-18	Europe / France / Normandie / Seine-Maritime
hCoV-19/Sweden/63810554/2023	hCoV-19/Sweden/63810554/2023|2023-01-25|2023-02-17	22F	XBB.1	EPI_ISL_16956396	2023-01-25	Europe / Sweden / Vasternorrland
hCoV-19/Japan/PG-393860/2022	hCoV-19/Japan/PG-393860/2022|2022-11-07|2022-11-29	22B	BA.5.2	EPI_ISL_15937282	2022-11-07	Asia / Japan / Ibaraki
hCoV-19/Austria/LB-R00113-S058/2022	hCoV-19/Austria/LB-R00113-S058/2022|2022-11-15|2022-11-28	22B	BF.11	EPI_ISL_15936715	2022-11-15	Europe / Austria / Vienna
hCoV-19/Peru/LIM-INS-32424/2022	hCoV-19/Peru/LIM-INS-32424/2022|2022-11-12|2022-11-28	22E	BQ.1.1	EPI_ISL_15934235	2022-11-12	South America / Peru / Lima
hCoV-19/France/IDF-IPP03495/2023	hCoV-19/France/IDF-IPP03495/2023|2023-02-06|2023-02-17	22E	BQ.1.1	EPI_ISL_16958396	2023-02-06	Europe / France / Ile-de-France / Lagny-Sur-Marne
hCoV-19/Russia/MOW-CRIE-7788029197/2022	hCoV-19/Russia/MOW-CRIE-7788029197/2022|2022-10-31|2022-11-24	22B	CL.1.2	EPI_ISL_15895799	2022-10-31	Europe / Russia / Moscow
hCoV-19/Belgium/UGent-7111/2022	hCoV-19/Belgium/UGent-7111/2022|2022-10-17|2022-11-25	22B	BF.7.4.1	EPI_ISL_15912667	2022-10-17	Europe / Belgium / Assenbroek
hCoV-19/Germany/NW-RKI-I-1108627/2023	hCoV-19/Germany/NW-RKI-I-1108627/2023|2023-02-09|2023-02-23	22E	BQ.1.1.18	EPI_ISL_17004630	2023-02-09	Europe / Germany / North Rhine-Westphalia
hCoV-19/Canada/QC-L00550026001/2022	hCoV-19/Canada/QC-L00550026001/2022|2022-11-07|2022-11-23	22B	BE.1.2.1	EPI_ISL_15889494	2022-11-07	North America / Canada / Quebec
hCoV-19/Norway/35523/2022	hCoV-19/Norway/35523/2022|2022-12-05|2023-02-19	22E	BQ.1.1	EPI_ISL_16969525	2022-12-05	Europe / Norway / Troms og Finnmark
hCoV-19/USA/NV-CDC-QDX46945398/2023	hCoV-19/USA/NV-CDC-QDX46945398/2023|2023-02-18|2023-03-07	23A	XBB.1.5	EPI_ISL_17142281	2023-02-18	North America / USA / Nevada
hCoV-19/USA/TX-CDC-QDX46826588/2023	hCoV-19/USA/TX-CDC-QDX46826588/2023|2023-02-10|2023-03-07	23A	XBB.1.5	EPI_ISL_17128500	2023-02-10	North America / USA / Texas
hCoV-19/USA/MA-CDCBI-CRSP_HKNETGBBCMOCRJPY/2022	hCoV-19/USA/MA-CDCBI-CRSP_HKNETGBBCMOCRJPY/2022|2022-11-14|2022-11-23	22B	BE.1.4.2	EPI_ISL_15887784	2022-11-14	North America / USA / Massachusetts
hCoV-19/Japan/PG-395583/2022	hCoV-19/Japan/PG-395583/2022|2022-11-07|2022-11-24	22E	BQ.1.1	EPI_ISL_15893811	2022-11-07	Asia / Japan / Chiba
hCoV-19/USA/CA-CDC-LC1022684/2023	hCoV-19/USA/CA-CDC-LC1022684/2023|2023-03-01|2023-03-10	23A	XBB.1.5	EPI_ISL_17182077	2023-03-01	North America / USA / California
hCoV-19/USA/CA-CDC-QDX46229603/2023	hCoV-19/USA/CA-CDC-QDX46229603/2023|2023-01-27|2023-02-14	22D	BN.1.5	EPI_ISL_16917963	2023-01-27	North America / USA / California
hCoV-19/USA/FL-CDC-QDX48316506/2023	hCoV-19/USA/FL-CDC-QDX48316506/2023|2023-03-25|2023-04-10	23A	XBB.1.5.23	EPI_ISL_17429493	2023-03-25	North America / USA / Florida
hCoV-19/USA/CA-CDC-QDX48464135/2023	hCoV-19/USA/CA-CDC-QDX48464135/2023|2023-03-27|2023-04-10	23A	XBB.1.5	EPI_ISL_17430175	2023-03-27	North America / USA / California
hCoV-19/France/GES-IPP07293/2023	hCoV-19/France/GES-IPP07293/2023|2023-03-13|2023-03-30	22F	XBB.1.17.1	EPI_ISL_17346197	2023-03-13	Europe / France / Grand Est / Pannes
hCoV-19/Canada/AB-ABPHL-84755/2022	hCoV-19/Canada/AB-ABPHL-84755/2022|2022-10-30|2022-11-25	22E	BQ.1.1	EPI_ISL_15913026	2022-10-30	North America / Canada / Alberta
hCoV-19/USA/VI-CDC-2-6832094/2023	hCoV-19/USA/VI-CDC-2-6832094/2023|2023-01-17|2023-02-16	23A	XBB.1.5	EPI_ISL_16944544	2023-01-17	North America / USA / Virginia
hCoV-19/USA/NE-ASC-210804002/2022	hCoV-19/USA/NE-ASC-210804002/2022|2022-10-17|2022-11-23	22B	BA.5.1.27	EPI_ISL_15889000	2022-10-17	North America / USA / Nebraska
hCoV-19/Norway/1077-1/2023	hCoV-19/Norway/1077-1/2023|2023-01-20|2023-04-20	22E	BQ.1.1.19	EPI_ISL_17513060	2023-01-20	Europe / Norway / Agder
hCoV-19/USA/CA-CDC-LC1021848/2023	hCoV-19/USA/CA-CDC-LC1021848/2023|2023-02-26|2023-03-13	23A	XBB.1.5	EPI_ISL_17197413	2023-02-26	North America / USA / California
hCoV-19/USA/MD-CDC-QDX47869782/2023	hCoV-19/USA/MD-CDC-QDX47869782/2023|2023-03-09|2023-03-29	23A	XBB.1.5	EPI_ISL_17333223	2023-03-09	North America / USA / Maryland
hCoV-19/Germany/BY-RKI-I-1109883/2023	hCoV-19/Germany/BY-RKI-I-1109883/2023|2023-02-16|2023-02-23	23A	XBB.1.5	EPI_ISL_17005794	2023-02-16	Europe / Germany / Bavaria
hCoV-19/Germany/RP-RKI-I-1113982/2023	hCoV-19/Germany/RP-RKI-I-1113982/2023|2023-02-20|2023-03-02	22E	BQ.1.1	EPI_ISL_17071577	2023-02-20	Europe / Germany / Rhineland-Palatinate
hCoV-19/USA/PA-CDC-LC1011886/2023	hCoV-19/USA/PA-CDC-LC1011886/2023|2023-02-10|2023-02-25	23A	XBB.1.5	EPI_ISL_17025185	2023-02-10	North America / USA / Pennsylvania
hCoV-19/USA/KS-CDC-2-6895397/2023	hCoV-19/USA/KS-CDC-2-6895397/2023|2023-02-07|2023-03-13	23A	XBB.1.5	EPI_ISL_17186146	2023-02-07	North America / USA / Kansas
hCoV-19/France/HDF-IPP14804/2023	hCoV-19/France/HDF-IPP14804/2023|2023-05-22|2023-06-05	22F	FE.1.1	EPI_ISL_17762363	2023-05-22	Europe / France / Hauts-de-France / Lille
hCoV-19/Ireland/DL-NVRL-SIRL00016582/2023	hCoV-19/Ireland/DL-NVRL-SIRL00016582/2023|2023-03-25|2023-04-07	23A	XBB.1.5.24	EPI_ISL_17415418	2023-03-25	Europe / Ireland / Donegal
hCoV-19/France/GES-IPP05498/2023	hCoV-19/France/GES-IPP05498/2023|2023-02-26|2023-03-14	23A	EM.1	EPI_ISL_17204714	2023-02-26	Europe / France / Grand Est / Metz
hCoV-19/Germany/NW-RKI-I-1121600/2023	hCoV-19/Germany/NW-RKI-I-1121600/2023|2023-03-06|2023-03-21	recombinant	XBF	EPI_ISL_17255738	2023-03-06	Europe / Germany / North Rhine-Westphalia
hCoV-19/USA/PA-CDC-QDX48192746/2023	hCoV-19/USA/PA-CDC-QDX48192746/2023|2023-03-18|2023-04-10	23D	FL.9	EPI_ISL_17428550	2023-03-18	North America / USA / Pennsylvania
hCoV-19/USA/IL-CDC-VSX-A073899/2023	hCoV-19/USA/IL-CDC-VSX-A073899/2023|2023-02-15|2023-03-07	23A	XBB.1.5	EPI_ISL_17146634	2023-02-15	North America / USA / Illinois
hCoV-19/USA/FL-CDC-VSX-A078471/2023	hCoV-19/USA/FL-CDC-VSX-A078471/2023|2023-02-21|2023-03-09	23A	XBB.1.5	EPI_ISL_17167364	2023-02-21	North America / USA / Florida
hCoV-19/USA/PA-CDC-QDX48636825/2023	hCoV-19/USA/PA-CDC-QDX48636825/2023|2023-04-01|2023-04-17	23A	XBB.1.5.56	EPI_ISL_17486323	2023-04-01	North America / USA / Pennsylvania
hCoV-19/USA/CA-CDC-QDX48193195/2023	hCoV-19/USA/CA-CDC-QDX48193195/2023|2023-03-21|2023-04-03	23A	XBB.1.5.95	EPI_ISL_17384943	2023-03-21	North America / USA / California
hCoV-19/USA/FL-CDC-QDX48316468/2023	hCoV-19/USA/FL-CDC-QDX48316468/2023|2023-03-23|2023-04-10	23A	XBB.1.5	EPI_ISL_17429652	2023-03-23	North America / USA / Florida
hCoV-19/USA/MN-HLX-VSX-A00343/2023	hCoV-19/USA/MN-HLX-VSX-A00343/2023|2023-03-05|2023-09-22	23A	XBB.1.5	EPI_ISL_18298677	2023-03-05	North America / USA / Minnesota
hCoV-19/USA/TX-CDC-QDX48496840/2023	hCoV-19/USA/TX-CDC-QDX48496840/2023|2023-03-27|2023-04-15	23A	XBB.1.5.17	EPI_ISL_17477529	2023-03-27	North America / USA / Texas
hCoV-19/USA/CA-CDC-VSX-A063766/2023	hCoV-19/USA/CA-CDC-VSX-A063766/2023|2023-04-08|2023-04-26	23A	XBB.1.5	EPI_ISL_17550667	2023-04-08	North America / USA / California
hCoV-19/Spain/VC-FISABIO-117901/2023	hCoV-19/Spain/VC-FISABIO-117901/2023|2023-04-26|2023-06-13	23D	XBB.1.9.1	EPI_ISL_17791781	2023-04-26	Europe / Spain / Comunitat Valenciana / Valencia
hCoV-19/Canada/QC-L00570276001/2022	hCoV-19/Canada/QC-L00570276001/2022|2022-12-27|2023-01-12	22E	BQ.1.10	EPI_ISL_16489918	2022-12-27	North America / Canada / Quebec
hCoV-19/Spain/MC-HCUVA-11040300/2023	hCoV-19/Spain/MC-HCUVA-11040300/2023|2023-04-18|2023-07-18	23A	XBB.1.5.46	EPI_ISL_17995964	2023-04-18	Europe / Spain / Murcia
hCoV-19/Colombia/DC-LSPSDS-11857/2023	hCoV-19/Colombia/DC-LSPSDS-11857/2023|2023-02-06|2023-05-23	23A	XBB.1.5.15	EPI_ISL_17703494	2023-02-06	South America / Colombia / Distrito Capital / Bogota
hCoV-19/Germany/SN-RKI-I-1075162/2022	hCoV-19/Germany/SN-RKI-I-1075162/2022|2022-12-13|2023-03-30	22E	BQ.1.1.54	EPI_ISL_17345131	2022-12-13	Europe / Germany / Saxony
hCoV-19/USA/MI-CDC-QDX48791798/2023	hCoV-19/USA/MI-CDC-QDX48791798/2023|2023-04-05|2023-04-24	23A	XBB.1.5	EPI_ISL_17534835	2023-04-05	North America / USA / Michigan
hCoV-19/Australia/SA565669/2023	hCoV-19/Australia/SA565669/2023|2023-07-11|2023-07-19	recombinant	XBC.1.6	EPI_ISL_17999427	2023-07-11	Oceania / Australia / South Australia
hCoV-19/Japan/TKYmbc38406/2023	hCoV-19/Japan/TKYmbc38406/2023|2023-06-30|2023-07-19	23A	GR.1	EPI_ISL_18000640	2023-06-30	Asia / Japan / Tokyo
hCoV-19/Norway/4172/2023	hCoV-19/Norway/4172/2023|2023-03-14|2023-04-20	23D	XBB.1.9.2	EPI_ISL_17512205	2023-03-14	Europe / Norway / Agder
hCoV-19/England/PHEC-YYE4XFK/2023	hCoV-19/England/PHEC-YYE4XFK/2023|2023-05-29|2023-06-12	23D	FL.3	EPI_ISL_17786980	2023-05-29	Europe / United Kingdom / England
hCoV-19/USA/NY-CDC-LC1030928/2023	hCoV-19/USA/NY-CDC-LC1030928/2023|2023-03-19|2023-03-30	23A	XBB.1.5	EPI_ISL_17351646	2023-03-19	North America / USA / New York
hCoV-19/Sweden/1260799129R4/2023	hCoV-19/Sweden/1260799129R4/2023|2023-04-02|2023-04-27	23B	XBB.1.16.1	EPI_ISL_17558971	2023-04-02	Europe / Sweden / Varmland
hCoV-19/Australia/VIC-VIDRL-00008184/2023	hCoV-19/Australia/VIC-VIDRL-00008184/2023|2023-03-21|2023-06-22	23A	XBB.1.5.1	EPI_ISL_17824097	2023-03-21	Oceania / Australia / Victoria
hCoV-19/Colombia/DC-INS-VG-28977/2023	hCoV-19/Colombia/DC-INS-VG-28977/2023|2023-03-15|2023-05-12	23A	XBB.1.5	EPI_ISL_17652727	2023-03-15	South America / Colombia / Bogota
hCoV-19/USA/FL-CDC-QDX48587448/2023	hCoV-19/USA/FL-CDC-QDX48587448/2023|2023-04-01|2023-04-17	23A	XBB.1.5.17	EPI_ISL_17486358	2023-04-01	North America / USA / Florida
hCoV-19/Netherlands/GE-RIVM-126059/2023	hCoV-19/Netherlands/GE-RIVM-126059/2023|2023-01-29|2023-02-17	23D	XBB.1.9.2	EPI_ISL_16963284	2023-01-29	Europe / Netherlands / Gelderland
hCoV-19/France/PAC-HCL723000482701/2023	hCoV-19/France/PAC-HCL723000482701/2023|2023-03-27|2023-04-14	23D	XBB.1.9.1	EPI_ISL_17472607	2023-03-27	Europe / France / Provence-Alpes-Cote d'Azur / Alpes-Maritimes
hCoV-19/Singapore/R43MR15/2023	hCoV-19/Singapore/R43MR15/2023|2023-06-20|2023-06-26	23B	XBB.1.16.1	EPI_ISL_17837542	2023-06-20	Asia / Singapore
hCoV-19/USA/KY-CDC-VSX-A348798/2023	hCoV-19/USA/KY-CDC-VSX-A348798/2023|2023-05-24|2023-06-27	23B	XBB.1.16.1	EPI_ISL_17853130	2023-05-24	North America / USA / Kentucky
hCoV-19/Ukraine/79278/2023	hCoV-19/Ukraine/79278/2023|2023-04-20|2023-06-02	23A	XBB.1.5	EPI_ISL_17742939	2023-04-20	Europe / Ukraine / Lviv region
hCoV-19/Indonesia/JK-NIHRD-WGS-23-00086/2023	hCoV-19/Indonesia/JK-NIHRD-WGS-23-00086/2023|2023-01-06|2023-01-17	23D	XBB.1.9.2	EPI_ISL_16534786	2023-01-06	Asia / Indonesia / Jakarta / Jakarta Selatan
hCoV-19/USA/CA-SFDPH-D-6766347634/2022	hCoV-19/USA/CA-SFDPH-D-6766347634/2022|2022-12-23|2023-05-11	23C	CH.1.1	EPI_ISL_17640350	2022-12-23	North America / USA / California / San Francisco County / San Francisco
hCoV-19/Austria/AGES-1135563/2023	hCoV-19/Austria/AGES-1135563/2023|2023-04-18|2023-04-28	23E	XBB.2.3	EPI_ISL_17565500	2023-04-18	Europe / Austria / Salzburg
hCoV-19/Mexico/BCN_LANGEBIO_IMSS_14928/2023	hCoV-19/Mexico/BCN_LANGEBIO_IMSS_14928/2023|2023-05-02|2023-10-09	23A	XBB.1.5.110	EPI_ISL_18365027	2023-05-02	North America / Mexico / Baja California
hCoV-19/Japan/PG-549547/2023	hCoV-19/Japan/PG-549547/2023|2023-06-24|2023-08-01	23A	XBB.1.5	EPI_ISL_18056205	2023-06-24	Asia / Japan / Ibaraki
hCoV-19/Canada/NB-CHUDGLD-170323-MM00056R/2023	hCoV-19/Canada/NB-CHUDGLD-170323-MM00056R/2023|2023-03-17|2023-03-31	23A	XBB.1.5	EPI_ISL_17367750	2023-03-17	North America / Canada / New Brunswick
hCoV-19/England/PLYM-326F4264/2023	hCoV-19/England/PLYM-326F4264/2023|2023-03-03|2023-03-14	23D	XBB.1.9.1	EPI_ISL_17201375	2023-03-03	Europe / United Kingdom / England
hCoV-19/Ireland/SO-NVRL-S22IRL00478571/2022	hCoV-19/Ireland/SO-NVRL-S22IRL00478571/2022|2022-12-15|2023-01-12	23C	CH.1.1	EPI_ISL_16486109	2022-12-15	Europe / Ireland / Sligo
hCoV-19/Netherlands/LI-RIVM-126093/2023	hCoV-19/Netherlands/LI-RIVM-126093/2023|2023-01-31|2023-02-17	23C	CH.1.1	EPI_ISL_16963318	2023-01-31	Europe / Netherlands / Limburg
hCoV-19/Japan/TKYkbm70973/2022	hCoV-19/Japan/TKYkbm70973/2022|2022-12-10|2023-01-13	23C	CH.1.1.1	EPI_ISL_16499760	2022-12-10	Asia / Japan / Tokyo
hCoV-19/USA/CA-CDC-QDX82903330/2023	hCoV-19/USA/CA-CDC-QDX82903330/2023|2023-07-17|2023-08-07	23B	XBB.1.16.2	EPI_ISL_18072491	2023-07-17	North America / USA / California
hCoV-19/England/LSPA-32643FAB/2022	hCoV-19/England/LSPA-32643FAB/2022|2022-12-15|2023-01-01	23C	DV.6	EPI_ISL_16345368	2022-12-15	Europe / United Kingdom / England
hCoV-19/Sweden/SUS0019170/2022	hCoV-19/Sweden/SUS0019170/2022|2022-12-18|2023-01-01	23C	CH.1.1	EPI_ISL_16349012	2022-12-18	Europe / Sweden / Skane
hCoV-19/USA/NY-MSHSPSP-PV87277/2023	hCoV-19/USA/NY-MSHSPSP-PV87277/2023|2023-02-04|2023-10-17	23A	XBB.1.5.15	EPI_ISL_18401217	2023-02-04	North America / USA / New York / New York County
hCoV-19/USA/NM-ASU-104476/2023	hCoV-19/USA/NM-ASU-104476/2023|2023-07-29|2023-08-21	22F	FE.1.1	EPI_ISL_18120157	2023-07-29	North America / USA / New Mexico / San Juan County
hCoV-19/France/NOR-IPP-04438/2023	hCoV-19/France/NOR-IPP-04438/2023|2023-02-20|2023-03-03	23C	DV.6	EPI_ISL_17079007	2023-02-20	Europe / France / Normandie / Saint Valery En Caux
hCoV-19/USA/TX-CDC-VSX-A065733/2023	hCoV-19/USA/TX-CDC-VSX-A065733/2023|2023-04-10|2023-04-26	23D	EG.5.2	EPI_ISL_17550723	2023-04-10	North America / USA / Texas
hCoV-19/England/BRBR-32669F36/2022	hCoV-19/England/BRBR-32669F36/2022|2022-12-28|2023-01-09	23C	CH.1.1.19	EPI_ISL_16441115	2022-12-28	Europe / United Kingdom / England
hCoV-19/Japan/PG-472923/2023	hCoV-19/Japan/PG-472923/2023|2023-04-12|2023-08-10	23B	XBB.1.16	EPI_ISL_18081924	2023-04-12	Asia / Japan / Gunma
hCoV-19/Finland/THL-06404/2023	hCoV-19/Finland/THL-06404/2023|2023-07-20|2023-08-16	23B	XBB.1.16.10	EPI_ISL_18106458	2023-07-20	Europe / Finland
hCoV-19/USA/CT-CDC-QDX83075026/2023	hCoV-19/USA/CT-CDC-QDX83075026/2023|2023-07-22|2023-08-12	23F	EG.5.1	EPI_ISL_18095876	2023-07-22	North America / USA / Connecticut
hCoV-19/Indonesia/JK-NIHRD-W01325/2023	hCoV-19/Indonesia/JK-NIHRD-W01325/2023|2023-03-27|2023-04-26	23D	EG.5	EPI_ISL_17551421	2023-03-27	Asia / Indonesia / Jakarta / Jakarta Pusat
hCoV-19/Brazil/AM-FIOCRUZ-ILMD2301427/2023	hCoV-19/Brazil/AM-FIOCRUZ-ILMD2301427/2023|2023-02-22|2023-08-22	23A	JD.2	EPI_ISL_18125534	2023-02-22	South America / Brazil / Amazonas / Manaus
hCoV-19/Japan/TKYmbc37705/2023	hCoV-19/Japan/TKYmbc37705/2023|2023-05-02|2023-06-02	23B	FU.1	EPI_ISL_17741860	2023-05-02	Asia / Japan / Tokyo
hCoV-19/England/LSPA-32690DC3/2023	hCoV-19/England/LSPA-32690DC3/2023|2023-01-07|2023-01-14	23C	CH.1.1	EPI_ISL_16515642	2023-01-07	Europe / United Kingdom / England
hCoV-19/USA/GA-EHC-7160X/2023	hCoV-19/USA/GA-EHC-7160X/2023|2023-05-12|2023-08-02	23B	XBB.1.16.3	EPI_ISL_18059556	2023-05-12	North America / USA / Georgia
hCoV-19/USA/UT-UPHL-230627531732/2023	hCoV-19/USA/UT-UPHL-230627531732/2023|2023-06-11|2023-07-03	23B	XBB.1.16.1	EPI_ISL_18058530	2023-06-11	North America / USA / Utah
hCoV-19/Australia/NSW-ICPMR-42750/2023	hCoV-19/Australia/NSW-ICPMR-42750/2023|2023-02-17|2023-03-03	23C	CH.1.1	EPI_ISL_17079259	2023-02-17	Oceania / Australia / New South Wales / Sydney
hCoV-19/Denmark/DCGC-629265/2022	hCoV-19/Denmark/DCGC-629265/2022|2022-12-21|2022-12-29	23C	CH.1.1.5	EPI_ISL_16331108	2022-12-21	Europe / Denmark / Syddanmark
hCoV-19/Brazil/RS-311-66467-103/2022	hCoV-19/Brazil/RS-311-66467-103/2022|2022-12-24|2023-12-20	22E	BQ.1.1.60	EPI_ISL_18666161	2022-12-24	South America / Brazil / Rio Grande do Sul
hCoV-19/Australia/NSW-ICPMR-42932/2023	hCoV-19/Australia/NSW-ICPMR-42932/2023|2023-02-22|2023-03-10	23C	CH.1.1.1	EPI_ISL_17173300	2023-02-22	Oceania / Australia / New South Wales / Sydney
hCoV-19/Canada/ON-PHL-23-13910/2023	hCoV-19/Canada/ON-PHL-23-13910/2023|2023-02-21|2023-03-06	22E	BQ.1.1.35	EPI_ISL_17101584	2023-02-21	North America / Canada / Ontario
hCoV-19/India/GJ-INSACOG-GBRC13068/2023	hCoV-19/India/GJ-INSACOG-GBRC13068/2023|2023-04-18|2023-05-09	23B	XBB.1.16	EPI_ISL_17626982	2023-04-18	Asia / India / Gujarat / Valsad
hCoV-19/England/QEUH-3260F1F0/2022	hCoV-19/England/QEUH-3260F1F0/2022|2022-11-28|2022-12-13	23C	CH.1.1	EPI_ISL_16095723	2022-11-28	Europe / United Kingdom / England
hCoV-19/Thailand/NIC_CBI_25319/2022	hCoV-19/Thailand/NIC_CBI_25319/2022|2022-11-11|2022-12-21	23C	CH.1.1	EPI_ISL_16224174	2022-11-11	Asia / Thailand / Chon Buri
hCoV-19/England/PHEC-YY84AKA/2023	hCoV-19/England/PHEC-YY84AKA/2023|2023-01-05|2023-01-23	23C	CH.1.1	EPI_ISL_16614892	2023-01-05	Europe / United Kingdom / England
hCoV-19/Spain/PV-HUD-98046302/2023	hCoV-19/Spain/PV-HUD-98046302/2023|2023-03-13|2023-03-27	23C	CH.1.1.7	EPI_ISL_17297430	2023-03-13	Europe / Spain / Basque Country / Donostia-San Sebastian
hCoV-19/England/LSPA-3266B884/2022	hCoV-19/England/LSPA-3266B884/2022|2022-12-30|2023-01-09	23C	CH.1.1	EPI_ISL_16441968	2022-12-30	Europe / United Kingdom / England
hCoV-19/Wales/PHWC-PKMDKX/2023	hCoV-19/Wales/PHWC-PKMDKX/2023|2023-01-03|2023-01-25	23C	DV.6	EPI_ISL_16646303	2023-01-03	Europe / United Kingdom / Wales
hCoV-19/Australia/WA13211/2023	hCoV-19/Australia/WA13211/2023|2023-04-26|2023-05-15	23C	FK.1.3.1	EPI_ISL_17661213	2023-04-26	Oceania / Australia / Western Australia
hCoV-19/USA/CA-CDPH-7000025395/2023	hCoV-19/USA/CA-CDPH-7000025395/2023|2023-02-13|2023-05-18	22E	ED.3	EPI_ISL_17681924	2023-02-13	North America / USA / California / San Diego County
hCoV-19/England/LSPA-32641F43/2022	hCoV-19/England/LSPA-32641F43/2022|2022-12-22|2022-12-27	23C	CH.1.1.1	EPI_ISL_16285542	2022-12-22	Europe / United Kingdom / England
hCoV-19/Bulgaria/23BG-EU_023164_Pl214/2023	hCoV-19/Bulgaria/23BG-EU_023164_Pl214/2023|2023-04-05|2023-06-20	23D	FL.10	EPI_ISL_17817172	2023-04-05	Europe / Bulgaria / Sofia
hCoV-19/Norway/37350/2022	hCoV-19/Norway/37350/2022|2022-12-23|2023-02-19	23C	CH.1.1.2	EPI_ISL_16969780	2022-12-23	Europe / Norway / Trondelag
hCoV-19/Italy/UMB-LAOP-109-2-40-2023/2023	hCoV-19/Italy/UMB-LAOP-109-2-40-2023/2023|2023-02-21|2023-03-23	22E	BQ.1.1.13	EPI_ISL_17276468	2023-02-21	Europe / Italy / Umbria
hCoV-19/Italy/UMB-LAOP-105-2-23/2023	hCoV-19/Italy/UMB-LAOP-105-2-23/2023|2023-01-28|2023-02-02	22E	BQ.1.1.45	EPI_ISL_16767593	2023-01-28	Europe / Italy / Umbria
hCoV-19/USA/IL-S23WGS0867/2023	hCoV-19/USA/IL-S23WGS0867/2023|2023-03-01|2024-01-11	23A	XBB.1.5	EPI_ISL_18748733	2023-03-01	North America / USA / Illinois / Stephenson
hCoV-19/Switzerland/BE-Risch-1130R15173/2022	hCoV-19/Switzerland/BE-Risch-1130R15173/2022|2022-11-30|2022-12-14	23C	CH.1.1	EPI_ISL_16114689	2022-11-30	Europe / Switzerland / Bern
hCoV-19/USA/CA-CDPH-500085641/2022	hCoV-19/USA/CA-CDPH-500085641/2022|2022-10-24|2023-03-07	22B	BA.5.2.1	EPI_ISL_17150746	2022-10-24	North America / USA / California / Napa County
hCoV-19/USA/CA-CDPH-FS48080195/2023	hCoV-19/USA/CA-CDPH-FS48080195/2023|2023-02-08|2023-03-24	22D	BN.1.3.1	EPI_ISL_17289488	2023-02-08	North America / USA / California / Contra Costa County
hCoV-19/USA/CA-CDPH-500106641/2023	hCoV-19/USA/CA-CDPH-500106641/2023|2023-03-22|2023-04-13	22E	BQ.1.25.1	EPI_ISL_17467568	2023-03-22	North America / USA / California / Sacramento County
hCoV-19/England/QEUH-326866D4/2022	hCoV-19/England/QEUH-326866D4/2022|2022-12-29|2023-01-12	23C	CH.1.1	EPI_ISL_16484440	2022-12-29	Europe / United Kingdom / England
hCoV-19/USA/CA-CDPH-FS48080027/2022	hCoV-19/USA/CA-CDPH-FS48080027/2022|2022-12-24|2023-01-30	22E	DN.2	EPI_ISL_16734894	2022-12-24	North America / USA / California / Fresno
hCoV-19/USA/CA-CDPH-A3000000314799/2023	hCoV-19/USA/CA-CDPH-A3000000314799/2023|2023-01-10|2023-02-01	23A	XBB.1.5.30	EPI_ISL_16754449	2023-01-10	North America / USA / California / San Francisco
hCoV-19/Brazil/CE-FIOCRUZ-154257CE/2022	hCoV-19/Brazil/CE-FIOCRUZ-154257CE/2022|2022-11-30|2023-11-03	22B	BE.9	EPI_ISL_18462933	2022-11-30	South America / Brazil / Ceara / Fortaleza
hCoV-19/Indonesia/JI-ITD-61190NT/2023	hCoV-19/Indonesia/JI-ITD-61190NT/2023|2023-05-02|2023-06-01	23D	XBB.1.9.7	EPI_ISL_17736372	2023-05-02	Asia / Indonesia / East Java / Surabaya
hCoV-19/USA/CO-CDPHE-2103740450/2022	hCoV-19/USA/CO-CDPHE-2103740450/2022|2022-12-09|2023-01-20	22E	BQ.1.15	EPI_ISL_16605506	2022-12-09	North America / USA / Colorado
hCoV-19/USA/CA-CDPH-500115330/2023	hCoV-19/USA/CA-CDPH-500115330/2023|2023-05-15|2023-06-28	23D	EG.1	EPI_ISL_17861102	2023-05-15	North America / USA / California / Solano County
hCoV-19/USA/IN-CDC-LC0949351/2022	hCoV-19/USA/IN-CDC-LC0949351/2022|2022-11-28|2022-12-15	22B	BF.7.10	EPI_ISL_16130590	2022-11-28	North America / USA / Indiana
hCoV-19/England/CLIMB-CM7YFXEN/2022	hCoV-19/England/CLIMB-CM7YFXEN/2022|2022-12-03|2023-12-25	22E	BQ.1.1	EPI_ISL_18684339	2022-12-03	Europe / United Kingdom / England
hCoV-19/USA/CA-CDPH-500107855/2023	hCoV-19/USA/CA-CDPH-500107855/2023|2023-03-29|2023-04-24	23A	XBB.1.5	EPI_ISL_17529744	2023-03-29	North America / USA / California / Santa Clara County
hCoV-19/USA/CA-CDPH-FS47315642/2023	hCoV-19/USA/CA-CDPH-FS47315642/2023|2023-01-31|2023-02-20	22E	BQ.1.1	EPI_ISL_16991314	2023-01-31	North America / USA / California / Humboldt County
hCoV-19/USA/ND-NDDH-20897/2022	hCoV-19/USA/ND-NDDH-20897/2022|2022-11-10|2022-11-22	22E	BQ.1.1	EPI_ISL_15859176	2022-11-10	North America / USA / North Dakota
hCoV-19/USA/CO-CDC-2-6686309/2022	hCoV-19/USA/CO-CDC-2-6686309/2022|2022-11-08|2023-01-25	22A	BA.4.6	EPI_ISL_16668934	2022-11-08	North America / USA / Colorado
hCoV-19/USA/NM-CDC-LC0933288/2022	hCoV-19/USA/NM-CDC-LC0933288/2022|2022-10-31|2022-11-22	22B	BF.7	EPI_ISL_15859457	2022-10-31	North America / USA / New Mexico
hCoV-19/Canada/AB-ABPHL-84221/2022	hCoV-19/Canada/AB-ABPHL-84221/2022|2022-10-24|2022-11-18	22B	BF.14	EPI_ISL_15824115	2022-10-24	North America / Canada / Alberta
hCoV-19/USA/CO-CDPHE-2103726247/2022	hCoV-19/USA/CO-CDPHE-2103726247/2022|2022-10-28|2022-12-13	22A	BA.4.6	EPI_ISL_16096500	2022-10-28	North America / USA / Colorado
hCoV-19/USA/CA-CDPH-FS48078598/2022	hCoV-19/USA/CA-CDPH-FS48078598/2022|2022-12-09|2022-12-30	22E	BQ.1.1.13	EPI_ISL_16353458	2022-12-09	North America / USA / California / Imperial County
hCoV-19/USA/CA-CCPHL-4305/2022	hCoV-19/USA/CA-CCPHL-4305/2022|2022-12-08|2023-01-25	22E	BQ.1.1	EPI_ISL_16669327	2022-12-08	North America / USA / California / Contra Costa County
hCoV-19/Spain/GA-SCQ_22-324716/2022	hCoV-19/Spain/GA-SCQ_22-324716/2022|2022-11-02|2023-02-25	22B	BF.11	EPI_ISL_17026117	2022-11-02	Europe / Spain / Galicia / Santiago De Compostela / Valga
hCoV-19/USA/CA-SCPHL-23WGS00067/2023	hCoV-19/USA/CA-SCPHL-23WGS00067/2023|2023-01-03|2023-01-27	22E	BQ.1.12	EPI_ISL_16701465	2023-01-03	North America / USA / California / Sonoma County
hCoV-19/USA/CA-SCPHL-23WGS00124/2023	hCoV-19/USA/CA-SCPHL-23WGS00124/2023|2023-01-13|2023-01-27	22F	XBB.2.5	EPI_ISL_16701516	2023-01-13	North America / USA / California / Sonoma County
hCoV-19/USA/CO-CDPHE-2103771606/2023	hCoV-19/USA/CO-CDPHE-2103771606/2023|2023-01-20|2023-02-13	23C	CH.1.1	EPI_ISL_16908805	2023-01-20	North America / USA / Colorado
hCoV-19/Netherlands/FR-RIVM-117767/2022	hCoV-19/Netherlands/FR-RIVM-117767/2022|2022-11-03|2022-11-21	22E	BQ.1.8	EPI_ISL_15849431	2022-11-03	Europe / Netherlands / Friesland
hCoV-19/Japan/TKYmbc27184/2022	hCoV-19/Japan/TKYmbc27184/2022|2022-12-20|2023-01-27	22D	BN.1.2.2	EPI_ISL_16692263	2022-12-20	Asia / Japan / Tokyo
hCoV-19/USA/CO-CDPHE-40563836/2023	hCoV-19/USA/CO-CDPHE-40563836/2023|2023-03-03|2024-01-23	23A	XBB.1.5.10	EPI_ISL_18807929	2023-03-03	North America / USA / Colorado
hCoV-19/Canada/BC-BCCDC-577559/2022	hCoV-19/Canada/BC-BCCDC-577559/2022|2022-12-31|2023-01-27	22B	BF.7	EPI_ISL_16707862	2022-12-31	North America / Canada / British Columbia
hCoV-19/USA/CO-CDPHE-2103700721/2022	hCoV-19/USA/CO-CDPHE-2103700721/2022|2022-10-05|2022-11-21	22B	BA.5.2.1	EPI_ISL_15845281	2022-10-05	North America / USA / Colorado
hCoV-19/Japan/TKYkbm79107/2022	hCoV-19/Japan/TKYkbm79107/2022|2022-12-27|2023-01-30	22B	BF.5	EPI_ISL_16719962	2022-12-27	Asia / Japan / Tokyo
hCoV-19/England/QEUH-325ED557/2022	hCoV-19/England/QEUH-325ED557/2022|2022-11-07|2022-11-18	22B	BA.5.1	EPI_ISL_15812120	2022-11-07	Europe / United Kingdom / England
hCoV-19/USA/NY-PRL-221111_00L12/2022	hCoV-19/USA/NY-PRL-221111_00L12/2022|2022-11-09|2022-11-20	22E	BQ.1	EPI_ISL_15827348	2022-11-09	North America / USA / New York / New York City
hCoV-19/Israel/SMC-7108649/2022	hCoV-19/Israel/SMC-7108649/2022|2022-11-05|2022-11-16	22E	BQ.1.1	EPI_ISL_15788335	2022-11-05	Asia / Israel
hCoV-19/USA/WA-OHSU-230050255/2022	hCoV-19/USA/WA-OHSU-230050255/2022|2022-12-15|2023-01-26	22E	BQ.1	EPI_ISL_16683728	2022-12-15	North America / USA / Washington / Lewis County
hCoV-19/Brazil/RJ-FIOCRUZ-28124/2022	hCoV-19/Brazil/RJ-FIOCRUZ-28124/2022|2022-12-03|2023-01-26	22E	BQ.1.1	EPI_ISL_16681912	2022-12-03	South America / Brazil / Rio de Janeiro / Marica
hCoV-19/France/PDL-IPP55044/2022	hCoV-19/France/PDL-IPP55044/2022|2022-11-07|2022-11-21	22B	BA.5.2.1	EPI_ISL_15856978	2022-11-07	Europe / France / Pays de la Loire / Le Mans
hCoV-19/Brazil/RJ-LNN10959/2022	hCoV-19/Brazil/RJ-LNN10959/2022|2022-12-07|2023-01-26	22E	BQ.1.1.5	EPI_ISL_16683834	2022-12-07	South America / Brazil / Rio de Janeiro / Nova Friburgo
hCoV-19/Sweden/01_SE100_22CS509345/2022	hCoV-19/Sweden/01_SE100_22CS509345/2022|2022-10-25|2022-11-14	22B	BF.11	EPI_ISL_15767228	2022-10-25	Europe / Sweden / Stockholm
hCoV-19/Wales/PHWC-PKG7WK/2022	hCoV-19/Wales/PHWC-PKG7WK/2022|2022-10-20|2022-11-14	22B	BF.11.2	EPI_ISL_15761145	2022-10-20	Europe / United Kingdom / Wales
hCoV-19/Sweden/SUS0017232/2022	hCoV-19/Sweden/SUS0017232/2022|2022-10-31|2022-11-14	22B	BA.5.2.23	EPI_ISL_15761369	2022-10-31	Europe / Sweden / Skane
hCoV-19/Canada/NB-CHUDGLD-061122-MM00309R/2022	hCoV-19/Canada/NB-CHUDGLD-061122-MM00309R/2022|2022-11-06|2022-11-21	22B	BF.7.16	EPI_ISL_15845575	2022-11-06	North America / Canada / New Brunswick
hCoV-19/Japan/TKYnat10915/2022	hCoV-19/Japan/TKYnat10915/2022|2022-10-18|2022-11-21	22B	BA.5.2	EPI_ISL_15833192	2022-10-18	Asia / Japan / Tokyo
hCoV-19/Denmark/DCGC-608981/2022	hCoV-19/Denmark/DCGC-608981/2022|2022-11-05|2022-11-14	22B	BF.7.20	EPI_ISL_15757402	2022-11-05	Europe / Denmark / Syddanmark
hCoV-19/Indonesia/BA-SANGLAHUNUD-C.17.COV.0158/2022	hCoV-19/Indonesia/BA-SANGLAHUNUD-C.17.COV.0158/2022|2022-11-02|2022-11-12	22E	BQ.1.23	EPI_ISL_15754435	2022-11-02	Asia / Indonesia / Bali
hCoV-19/Japan/TKYmbc10886/2022	hCoV-19/Japan/TKYmbc10886/2022|2022-10-07|2022-11-21	22B	BA.5.2.1	EPI_ISL_15833562	2022-10-07	Asia / Japan / Tokyo
hCoV-19/USA/IN-CDC-STM-NC7K84XF7/2023	hCoV-19/USA/IN-CDC-STM-NC7K84XF7/2023|2023-01-09|2023-01-25	22E	BQ.1.1.68	EPI_ISL_16663659	2023-01-09	North America / USA / Indiana
hCoV-19/Netherlands/NB-PAMM-J24-0082/2022	hCoV-19/Netherlands/NB-PAMM-J24-0082/2022|2022-10-23|2022-11-08	22B	BA.5.2.13	EPI_ISL_15699908	2022-10-23	Europe / Netherlands / Noord-Brabant
hCoV-19/USA/MN-MDH-31560/2022	hCoV-19/USA/MN-MDH-31560/2022|2022-10-31|2022-11-17	22E	BQ.1.1	EPI_ISL_15807386	2022-10-31	North America / USA / Minnesota
hCoV-19/USA/HI-H2217645/2022	hCoV-19/USA/HI-H2217645/2022|2022-10-29|2022-11-19	22B	BA.5.2.1	EPI_ISL_15823341	2022-10-29	North America / USA / Hawaii / Honolulu County
hCoV-19/USA/CA-LACPHL-AF15840/2022	hCoV-19/USA/CA-LACPHL-AF15840/2022|2022-10-24|2022-11-16	22B	BA.5.2	EPI_ISL_15796340	2022-10-24	North America / USA / California / Los Angeles County
hCoV-19/Japan/TKYnat11235/2022	hCoV-19/Japan/TKYnat11235/2022|2022-10-22|2022-11-22	22B	BA.5.2.1	EPI_ISL_15853436	2022-10-22	Asia / Japan / Tokyo
hCoV-19/Australia/QLD0x01221D/2022	hCoV-19/Australia/QLD0x01221D/2022|2022-11-02|2022-11-17	22B	BA.5.2.20	EPI_ISL_15797625	2022-11-02	Oceania / Australia / Queensland
hCoV-19/Austria/LB-R00111-S184/2022	hCoV-19/Austria/LB-R00111-S184/2022|2022-11-08|2022-11-14	22E	BQ.1.32	EPI_ISL_15758110	2022-11-08	Europe / Austria / Vienna
hCoV-19/Japan/PG-382840/2022	hCoV-19/Japan/PG-382840/2022|2022-10-07|2022-11-04	22B	BA.5.2.28	EPI_ISL_15642087	2022-10-07	Asia / Japan / Tottori
hCoV-19/Canada/ON-PHL-22-47012/2022	hCoV-19/Canada/ON-PHL-22-47012/2022|2022-10-20|2022-10-31	22E	BQ.1.12	EPI_ISL_15586588	2022-10-20	North America / Canada / Ontario
hCoV-19/England/PHEC-YY8MQYI/2022	hCoV-19/England/PHEC-YY8MQYI/2022|2022-10-19|2022-11-11	22E	BQ.1	EPI_ISL_15741367	2022-10-19	Europe / United Kingdom / England
hCoV-19/USA/NY-PRL-221028_02E23/2022	hCoV-19/USA/NY-PRL-221028_02E23/2022|2022-10-23|2022-11-06	22B	BF.13	EPI_ISL_15669067	2022-10-23	North America / USA / New York / New York City
hCoV-19/Japan/PG-383731/2022	hCoV-19/Japan/PG-383731/2022|2022-10-15|2022-11-02	22B	BA.5.5.1	EPI_ISL_15610459	2022-10-15	Asia / Japan / Kanagawa
hCoV-19/Norway/32709/2022	hCoV-19/Norway/32709/2022|2022-10-23|2022-11-11	22B	BF.14	EPI_ISL_15742493	2022-10-23	Europe / Norway / Viken
hCoV-19/USA/NC-CDC-LC0918035/2022	hCoV-19/USA/NC-CDC-LC0918035/2022|2022-10-17|2022-11-02	22B	BF.7.4	EPI_ISL_15618917	2022-10-17	North America / USA / North Carolina
hCoV-19/Scotland/LSPA-325BA2F2/2022	hCoV-19/Scotland/LSPA-325BA2F2/2022|2022-10-17|2022-10-25	22E	BQ.1.5	EPI_ISL_15495687	2022-10-17	Europe / United Kingdom / Scotland
hCoV-19/USA/CA-Stanford-109_S40/2022	hCoV-19/USA/CA-Stanford-109_S40/2022|2022-10-13|2022-10-25	22B	BA.5.5.3	EPI_ISL_15509892	2022-10-13	North America / USA / California
hCoV-19/Luxembourg/LNS2858803/2022	hCoV-19/Luxembourg/LNS2858803/2022|2022-10-05|2022-10-19	22B	BA.5.2	EPI_ISL_15422204	2022-10-05	Europe / Luxembourg
hCoV-19/USA/NY-NYCPHL-015529/2022	hCoV-19/USA/NY-NYCPHL-015529/2022|2022-10-12|2022-11-07	22B	CQ.2	EPI_ISL_15689084	2022-10-12	North America / USA / New York / New York City
hCoV-19/USA/NC-ECU-115509346/2022	hCoV-19/USA/NC-ECU-115509346/2022|2022-10-10|2022-10-31	22B	BA.5.2.1	EPI_ISL_15582445	2022-10-10	North America / USA / North Carolina / Pitt County
hCoV-19/England/PHEP-YYF9JYU/2022	hCoV-19/England/PHEP-YYF9JYU/2022|2022-11-02|2022-11-16	22B	BA.5.2	EPI_ISL_15786355	2022-11-02	Europe / United Kingdom / England
hCoV-19/Germany/TH-RKI-I-1008064/2022	hCoV-19/Germany/TH-RKI-I-1008064/2022|2022-10-14|2022-10-27	22E	BQ.1	EPI_ISL_15519560	2022-10-14	Europe / Germany / Thuringia
hCoV-19/Germany/NI-RKI-I-1016664/2022	hCoV-19/Germany/NI-RKI-I-1016664/2022|2022-10-17|2022-11-04	22B	BA.5.3.1	EPI_ISL_15643924	2022-10-17	Europe / Germany / Lower Saxony
hCoV-19/Canada/ON-PHL-22-43723/2022	hCoV-19/Canada/ON-PHL-22-43723/2022|2022-10-05|2022-10-17	22B	BA.5.2.1	EPI_ISL_15397143	2022-10-05	North America / Canada / Ontario
hCoV-19/USA/NY-PRL-221028_02I15/2022	hCoV-19/USA/NY-PRL-221028_02I15/2022|2022-10-23|2022-11-06	22B	CQ.2	EPI_ISL_15669132	2022-10-23	North America / USA / New York / New York City
hCoV-19/Canada/QC-L00537967001/2022	hCoV-19/Canada/QC-L00537967001/2022|2022-10-10|2022-10-18	22B	BE.1.2.1	EPI_ISL_15415606	2022-10-10	North America / Canada / Quebec
hCoV-19/England/PHEC-YY8J73Z/2022	hCoV-19/England/PHEC-YY8J73Z/2022|2022-10-23|2022-11-04	22B	BA.5.1.22	EPI_ISL_15650052	2022-10-23	Europe / United Kingdom / England
hCoV-19/Netherlands/NH-RIVM-115887/2022	hCoV-19/Netherlands/NH-RIVM-115887/2022|2022-10-11|2022-10-28	22E	BQ.1	EPI_ISL_15541141	2022-10-11	Europe / Netherlands / Noord-Holland
hCoV-19/Italy/FVG-UD-65341698/2022	hCoV-19/Italy/FVG-UD-65341698/2022|2022-10-04|2022-10-13	22E	BQ.1.1	EPI_ISL_15350927	2022-10-04	Europe / Italy / Friuli Venezia Giulia / Udine
hCoV-19/England/PHEC-YY8DPFH/2022	hCoV-19/England/PHEC-YY8DPFH/2022|2022-10-05|2022-10-20	22E	BQ.1.1.6	EPI_ISL_15432241	2022-10-05	Europe / United Kingdom / England
hCoV-19/England/LSPA-325B44B6/2022	hCoV-19/England/LSPA-325B44B6/2022|2022-10-15|2022-10-24	22B	BA.5.2.1	EPI_ISL_15473384	2022-10-15	Europe / United Kingdom / England
hCoV-19/USA/NY-PRL-221019_00A09/2022	hCoV-19/USA/NY-PRL-221019_00A09/2022|2022-10-16|2022-10-30	22B	BF.32	EPI_ISL_15577300	2022-10-16	North America / USA / New York / New York City
hCoV-19/England/LSPA-325CA73C/2022	hCoV-19/England/LSPA-325CA73C/2022|2022-10-21|2022-10-30	22B	BF.7	EPI_ISL_15577291	2022-10-21	Europe / United Kingdom / England
hCoV-19/France/IDF-IPP53585/2022	hCoV-19/France/IDF-IPP53585/2022|2022-10-17|2022-10-28	22E	BQ.1	EPI_ISL_15542700	2022-10-17	Europe / France / Ile-de-France / Gonesse
hCoV-19/Netherlands/GE-MVD-CWGS2203803/2022	hCoV-19/Netherlands/GE-MVD-CWGS2203803/2022|2022-10-11|2022-10-31	22B	BA.5.1	EPI_ISL_15581179	2022-10-11	Europe / Netherlands / Gelderland
hCoV-19/USA/UT-CDC-LC0913449/2022	hCoV-19/USA/UT-CDC-LC0913449/2022|2022-10-11|2022-10-24	22A	BA.4.6	EPI_ISL_15482861	2022-10-11	North America / USA / Utah
hCoV-19/Wales/PHWC-PKFXQ8/2022	hCoV-19/Wales/PHWC-PKFXQ8/2022|2022-10-08|2022-10-24	22B	BA.5.2.1	EPI_ISL_15475729	2022-10-08	Europe / United Kingdom / Wales
hCoV-19/England/PLYM-325A1CE1/2022	hCoV-19/England/PLYM-325A1CE1/2022|2022-10-09|2022-10-16	22E	BQ.1.1.6	EPI_ISL_15380140	2022-10-09	Europe / United Kingdom / England
hCoV-19/USA/NY-PRL-221005_00I05/2022	hCoV-19/USA/NY-PRL-221005_00I05/2022|2022-10-03|2022-10-16	22B	BA.5.2.1	EPI_ISL_15380796	2022-10-03	North America / USA / New York / New York City
