Mutation	Count
E:T9I	1
M:D3N	1
S:S371F	1
S:S373P	1
S:S375F	1
S:T376A	1
S:D405N	1
S:R408S	1
S:K417N	1
S:N440K	1
S:L452R	1
S:S477N	1
S:T478K	1
S:E484A	1
S:F486V	1
S:Q498R	1
S:N501Y	1
S:Y505H	1
S:D614G	1
S:H655Y	1
S:N679K	1
S:P681H	1
S:N764K	1
S:D796Y	1
S:Q954H	1
S:G339D	1
S:V213G	1
S:G142D	1
ORF1a:T3090I	1
M:Q19E	1
M:A63T	1
N:P13L	1
N:R203K	1
N:G204R	1
N:S413R	1
ORF1a:S135R	1
ORF1a:T842I	1
ORF1a:G1307S	1
ORF1a:L3027F	1
ORF1a:T3255I	1
S:A27S	1
ORF1a:P3395H	1
ORF1b:P314L	1
ORF1b:T1050N	1
ORF1b:R1315C	1
ORF1b:I1566V	1
ORF1b:T2163I	1
ORF3a:T223I	1
ORF9b:P10S	1
ORF9b:D16G	1
S:T19I	1
S:N969K	1
